playerId,playerName
19290,Samuel 'voltera' Rodrigues
16775,Daniel 'DANVIET' Marques
23740,Guilhermo 'PremiuM' Popov
20219,Enzo 'xns' Henrique
22365,Hugo 'farias' Henrique
17325,Felipe 'nolkz' Rodrigues
17028,Abraão 'abr' Campagnac
16661,Miguel 'MITHPUTTINI' Vilaça
22125,Erick 'Lich' Carvalho
23961,Nicholas 'legy' Guimarães
22126,Marcelo 'nyezin' Ramos
22181,Lucas 'urban0' Urbano
16954,Yan 'yepz' Pedretti
11337,Rodrigo 'RCF' Figueiredo
18875,Felipe 'RICIOLI' Ricioli
18140,Arthur 'f4stzin' Schmitt
20185,Cássio 'cass1n' Santos
11739,Bruno 'shz' Martinelli
17553,Matheus 'pesadelo' Panisset
10818,Victor 'iDk' Torraca
18610,Patrick 'detr0ittJ' Carvalho
21284,Guilherme 'happ' Bento
23551,Moisés 'Tomate' lima
20083,Icaro 'ninjaZ' Cavalari
19991,Marcos 'hoax' Henrique
20522,Gabriel 'gbb' Pereira
11922,Alexandre 'ALLE' Santos
22362,Bruno 'xureba' Sigwalt
20519,Leonardo 'Lcm' Moreira
9483,Lucas 'destiny' Bullo
21221,Máximo 'maxxkor' Cortina
20690,Mauro 'zock' Da Silva
21084,Alex 'alexer' Lagos
19083,Owen 'OwensinhoM' Veron
18554,Tomas 'tom1jed' Rivero
21798,Naomi 'Nayomy' Janssen
23090,Mia 'aiM' Cooper
21796,Kiara 'Qiyarah' Janssen
1572,Ksenia 'vilga' Kluenkova
22095,Anna 'ramziiN' Ramsing
24005,Narmina 'wieenN' Gasanova
24006,Sofia 'sosya' Vasileva
24007,Alina 'k175un4' Lemtyugova
22092,Ksenia 'unknxwn' Lobanova
18774,Elizaveta 'Stormy' Poshekhnova
22302,Lucy 'empathy' Verkaik
20156,Juliana 'Juli' Tosic
22066,Marissa 'madss' Dasta
23058,Lynn 'Lx' Clarke
23060,Abigail 'abby' Deters
23679,Ariane 'ARIANARCHIST' Lafrenière
23391,Lydia 'Fawx' Dalton
24132,Cecelia 'Celia' Caton
24220,Samantha 'Zazu' Blair
24221,Nikki 'Axessor' Sahm
21163,Tim 'susp' Ångström
22379,Sebastian 'SeBreeZe' Sunnanbris
19065,Casper 'SHiNE' Wennerberg
16487,Sean 'eraa' Knutsson
15975,Gustav 'FRANSSON' Fransson
24216,Erik 'HipsterJesus' Collerstedt
24215,Simen 'Taqen' Fyhr
24218,Alexander 'BONJA' Johansson
24219,Johan 'Engaa' Engström
24217,Adam 'MegaMange' Magnusson
23463,Daniele 'Dani' Cavallari
19998,Regiane 'REGIANE' Santos
22270,Bruna 'Babs' Nycoly
21738,Fernanda 'ferzy' Adames
16343,Julieta 'khizha' Grillia
9238,Jessica 'fly' Pellegrini
16341,Gabriela 'GaBi' Maldonado
21760,Beatriz 'hera' Silva
16342,Juliana 'showliana' Maransaldi
21736,Josiane 'josi' Izidorio
19617,Denys 'amster' Liashenko
19614,Kyrylo 's4ltovsk1yy' Lytvynov
19590,Yaroslav 'byr9' Buryak
22680,Zahar 'Polbandana' Siledchyk
22842,Artem 'kensizor' Kapran
21165,Jakub 'M1key' Krausko
15818,Filip 'K1-FiDa' Dvořák
12612,Martin 'Pechyn' Pechoušek
15437,Lukáš 'Levi' Bouřa
11260,Dominik 'NIO' Maxian
13622,Shiran 'shushan' Shushan
22043,Marco 'MMS' Salomone
18219,Adam 'Adam9130' Ahmad
20128,William 'dobbo' Dobson
20908,James 'bevve' Slinn
17153,Pavlo 'uQlutzavr' Bilov
19937,Remi 'Diviiii' Alexandre
22517,Mohamad 'Ducky' Nourelden
20336,Tom 'arTisT' Clarke
20339,Matas 'Extinct' Strumila
22192,Mason 'Vacancy' Haines
23239,Leon 'OneLion' Deuchert
24063,Quang-Anh 'hayanh' Nguyen
22483,Toni 'Spexy' Berthold
22484,Marcel 'Cl34v3rs' Klos
19115,Georg 'farmaG' Bauer
21468,Marcel 'hyped' Köhn
20122,Lukas 'FreeZe' Hegmann
14061,Michalis 'awzek' Napoloni
12290,Paul 'PerX' von Erdmannsdorff
21500,Luc 'ArroW' Oehmke
8248,Joakim 'jkaem' Myrbostad
18571,Cai 'CYPHER' Watson
13670,Tim 'nawwk' Jonasson
9766,Hampus 'hampus' Poser
14932,Josef 'faveN' Baumann
13497,Lucas 'Lucky' Chastang
19739,Pierre 'Ex3rcice' Bulinge
13138,Bryan 'Maka' Canda
21969,Filip 'Graviti' Brankovic
19738,Thomas 'Djoko' Pavoni
16723,Casper 'Cabbi' Jensen
21199,Mikkel 'MistR' Thomsen
13843,Philip 'Lucky' Ewald
13170,Oliver 'kwezz' Rasmussen
16731,Oliver 'IceBerg' Berg
16885,Volodymyr 'Woro2k' Veletniuk
9656,Ali 'hAdji' Haïnouss
6904,Martin 'STYKO' Styk
19733,Sergiy 'DemQQ' Demchenko
20282,Szymon 'kRaSnaL' Mrozek
14388,Erik 'The eLiVe' Sith
20839,Tomáš 'fino' Bebjak
8488,Jindřich 'ZEDKO' Chyba
21299,Lukáš 'sAvana1' Lintner
16432,Robert 'manguss' Kasper
19592,Daniil 'headtr1ck' Valitov
21708,Andrii 'npl' Kukharskyi
16147,Arseniy 'cptkurtka023' Derevinskiy
23643,Dmytro 'esenthial' Tsvir
20112,Alexey 'alex666' Yarmoshchuk
23361,Danil 'malinov' Mutav
21367,Dmitry 'spirit' Kutovykh
22038,Danila 'rexxie' Tikhomirov
22193,Aleksandr 'sad' Nizhnik
22638,Daniel 'icyvl0ne' Lee
23048,Vladimir 'kelieN' Boldyrev
21710,Denis 'notineki' Kalachev
20948,Daniil 'lov1kus' Nikitin
22879,Ilya 'FenomeN' Kolodko
21431,Dmitry 'sstiNiX' Khlebnikov
19512,Nabil 'Nivera' Benrlitom
20761,Laurențiu 'lauNX' Țârlea
21211,Adelin 'adeX' Nica
7168,Nathan 'NBK-' Schmitt
15203,Kamil 'reiko' Cegiełko
21571,Jamie 'leakz' Bugge West Jensen
20299,Benjamin 'brzer' Jensen
20248,Lucas 'Gnøffe' Brunsvig
14242,Christian 'Vster' Vestergaard
20622,Thomas 'LUMSEN' Søhus Larsen
23635,Dmitrii 'h1ghnesS' Pastukhov
24171,Evgeny 'Djon8' Mudrenov
24172,Yuriy 'yuramyata' Krivosheev
20199,Kirill 'SoLb' Simagin
23636,Maxim 'takanashi' Menshikov
21346,Alexander 'tOPZ' Miklagard
17113,Hubert 'szejn' Światły
22048,Sindre 'Tapewaare' Ellefsen
23104,Jon 'BøghmagiC' Bøgh
16718,Frederik 'Fessor' Sørensen
22952,Magnus 'Hagmeister' Hagen
16927,Steffen 'SLY' Amundsen
24180,Alexander 'qzr' Aspholm
22658,Viktor 'Viktha' Harjo
24068,Thomas 'Wenba' Ulmark
22884,Gleb 'gr1ks' Gazin
22803,David 'bl1x1' Stepanyants
23193,Vitaly 'VILBy' Zakharyuta
23302,Lubsan 'bluewh1te' Mulonov
23359,Oleg 'sh1geo' Stasenko
20302,Rasmus 'Equip' Munch Christensen
22875,Christopher 'VireZ' Wegmann
22091,Christian 'Griller' Vejlgaard Skou Sørensen
22947,Rasmus 'Skejs' Gleerup
23338,Lukas 'Beccie' Bauder Balcells
20340,Callum 'Girafffe' Jones
23599,Mustafa 'forkyz' Maulenkul
23541,Alisher 'tasman' Marat
21691,Daulet 'BLVCKM4GIC' Ondassynov
22537,Sanzhar 'def1zer' Talgat
23292,Daniyar 'Pumpkin66' Buldybayev
22123,Michal 'T4gg3D' Vrzal
19812,Artem 'Chill' Mankevich
23753,Samuel 'MahaR' Horáček
23469,Ruslan 'woozzzi' Aliev
22880,Denis 'm1QUSE' Karpovich
24079,Aleksandr 'w1sely' Mudrakov
8726,Dmitriy 'facecrack' Alekseyev
20207,Konstantin 'Raijin' Trubarov
20883,Amir 'eightz999' Abdulmedzhidov
19232,Nikita 'JIaYm' Panyushkin
21773,Richart 'ANSG1' Saleela Nielsen
10938,Andreas 'kiR' Kirstein
8265,Alexander 'alexsomfan' Nielsen
24113,Simon 'sSen' Solnæs Iversen
24151,Elliot 'suma' Nissen-Jørgensen
19171,Mihnea 'mhN1' Gheață
16971,Gabriel-Cosmin 'zewts' Letcanu
16548,Bogdan 'CHANKY' Șerban
21117,Tudor 'd1maje' Aparaschivei
21337,Gyorfy 'starplajerz' Gabriel
24147,Iñaki 'prn' Claudepierre
22481,Jordan 'Chucky' Molnar
21967,Julien 'Tarkky' Buzogany
21331,Pierrick 'cHeuuuuk' Riotte
24148,Mathis 'Oxbrandd' Vilounsy
23471,Laurits 'Noruyp ' Norup Sørensen
11258,Magnus 'fr0slev' Frøslev
24105,Niklas 'Botman' Vestergaard
24135,Kristoffer 'Lethj' Leth Jensen
21381,André 'Zanto' Christiansen
23564,Adam 'Falk' Falk Andersen
13171,Andreas 'blaq' Elversøe
21363,Artem 'shg' Shaginyan
18447,Timur 'DSSj' Abdullin
18671,Evgeniy 'Get_Jeka' Smakilo
20402,Danyyl 'synyx' Mazur
21369,Danila '1NVISIBLEE' Simagin
18318,Maksim 'dekz' Korolev
22325,Maksim 'sowalio' Beketov
22326,Eduard 'Kaide' Tatarinov
23858,Abdurakhim 'mo0N' Issa
14359,Alikhan 'w1nt3r' Kopzhanov
22864,Nikita 'robo' Dushin
24176,Roman 'Mokuj1n' Petrushenko
23600,Alimzhan 'alkarenn' Bitimbai
24177,Maxim 'kyousuke' Lukin
23319,Daniel 'syph0' Ageyev
21447,Denis 'xdENiSZERA' Sklenin
21392,Vladimir 'shady' Karelin
23628,Vladislav 'KusMe' Dmitriev
22327,Yaroslav 'Something' Shevchishin
22535,Aleksandr 'dwushka' Pakhnevich
19808,Andrey 'tN1R' Tatarinovich
17305,Vladislav 'FinigaN' Usov
23360,Ivan 'easy' Mikitenko
22471,Vladislav 'xiELO' Lysov
18670,Ivan 'SELLTER' Miroshnikov
21386,Mark 'lampada' Ivanov
21686,Dmitriy 'anttzz' Kirillin
21385,Dmitry 'mizu' Kondratev
23783,Ivan 'fineshine52' Lukin
21388,Nurgun 'swiftsteel' Avvakumov
21036,Emil 'kroK' Wiedemann
24211,Arthur 'ARTHUR' Berent
24212,Oliver 'Oliver' Zimmer
24213,Jonathan 'jfk' Klement
24214,Aridon 'ar1don' Mustafa
22453,Marc 'marrrcKUN' Seidenberg
24208,Rolands 'v1trage' Lovnieks
18399,Mairis 'Mairel' Petrovs
24209,Vitālijs 'WIPSKY' Valdis Priļepskis
24210,Jānis 'yaankz' Krūmiņš
23200,Markuss 'sqreet' Gleizds
18802,Rene 'Wahtzz' Vahu
16855,Kevin 'zteeek' Rohurand
13882,Markus 'Sickta' Jan Martinonis
16856,Aaron 'PhilEba' Pajula
22631,Henry 'hY' Rosenberg
20003,Mārtiņš 'shadiy' Gūtmanis
14990,Kristers 'keen' Dārznieks
14214,Matiss 'raw' Rajunčus
8429,Aivis 'prelideN' Krastiņš
19566,Roberts 'Frip' Poļakovs
20129,Gusts 'm1kketye' Miezis
23723,Kristiāns 'Yamero' Žondaks
21512,Rūdolfs 'rud' Osmanis
20419,Kristers 'Brens' Brensons
20006,Edgars 'rabbit' Brečs
23318,Rauan 'rinn' Bakbergen
23539,Argyn 'for2na' Nurgaliev
23320,Dastan 'dosikzz' Erkinov
19823,Suleımen 'dukefissura' Orazaly
23316,Abylay 'OxygeN' Khamitov
24144,Danil 'molodoy' Golubenko
23543,Danial 'demente' Ismailov
23542,Ruslan 'wEAVER' Borzhikov
24202,Nurmukhammed 'singulier' Mugal
23386,Maksat 'kumao' Serik
9445,Aleksandr 'SNk' Semkin
22692,Maatkalymov 'kenz1' Bayas
22219,Baytur 'spok3nn ' Abdykadyrov
22693,Tuzabaev 'xztcu' Atakhan
22221,Baktibek 'Hezza' Koshbaev
9255,William 'draken' Sundin
19064,Olle 'spooke' Grundström
9261,Jonas 'Lekr0' Olofsson
19021,Hugo 'chawzyyy' Günther
21012,Kalle 'Ro1f' Johansson
15501,Jonathan 'b0denmaster' Bodenmalm
7700,Robin 'robiin' Sjögren
9811,Niclas 'PlesseN' Plessen
7443,Simon 'twist' Eliasson
22860,Arvid 'avid' Åberg
23397,Alex 'poiii' Nyholm Sundgren
22914,Sebastian 'dex' Samuelsson
17936,Adam 'bq' Bergqvist
3329,Max 'quix' Lindkvist
22512,William 'zyyx' Sjögren
20033,Mikkel 'Maze' Sparvath
18778,Elizaveta 'Elizabeth' Ashina
18773,Svetlana 'f6tal' Shidlovskaia
18780,Victoria 'Victoria' Ukasova
10285,Tanya 't4tty' Vorontsova
24206,Anastasiya 'mb1w' Ruzavina
22028,Margarita 'Margo' Ilyina
23306,Alina 'amore' Sergacheva
22933,Anna 'ayaka' Trofimova
23440,Julia 'akiyanora' Semenova
22934,Christina 'meo' Gnezdilova
23947,Ljudmila 'Mileyyy' Mikitová
20166,Aida 'Aida' Simão
23050,Lotta 'Waldee' Liesmala
23995,Emma 'Emmsan' Mattsson
23051,Milona 'miLo' Tiainen
18229,Dzhamilya 'Jammie' Alagozova
22029,Anastasia 'AverOna' Shevchenko
23994,Veronika 'Rony4ka' Munazypova
23993,Emilia 'tenweri' Shakirova
22935,Maria 'uulis' Vasilkova
18891,Lucas 'CutzMeretz' Freitas
20378,Lucas 'honda' Cano
16769,Antonio 'realz1n' Oliveira
14010,Leonardo 'zmb' Toledo
22182,Italo 'ksloks' Meinberg
2544,Victor 'remix' Monteiro
12708,Rigon 'rigoN' Gashi
18120,Dionis 'sinnopsyy' Budeci
15778,Sener 'SENER1' Mahmuti
22673,Drin 'makazze' Shaqiri
22203,Aulon 'Krabeni' Fazlija
20432,Valon 'vAloN' Etemi
20434,Bledar 'BledarD' Dula
20435,Butrint 'HYPERI1' Gashi
21108,Ensar 'Caleyy' Ersuzi
19761,Arbnor 'Dementor' Pacolli
21109,Ammar 'ammar' Grashtica
22195,Endrit 'tripey' Humolli
21114,Qendrim 'v1w' Hajrizi
12777,Atif 'gejmzilla' Mustafa
23300,Gentrit 'rosoneriii' Hetemi
24200,Artin 'artin in choke' Fejza
24198,Argjend 'KINGSTIKIII' Misini
24201,Fatjon 'FatjoN' Tahiri
24199,Leon 'furyh' Osmani
22678,Avdullah 'swaddyyy' Hyseni
24195,Egzon 'xonn1k' Behluli
22196,Defrim 'Defro' Sadiku
24196,Shuajb 'Shuajbzz' Nexhipi
22194,Gentijan 'TNEG' Musliji
24197,Salim 'norkk' Aliti
24194,Arianit 'qpjz' Babiqi
23299,Endrit 'enoooo' Zeqiri
21110,Endrit 'Dinsanety' Thaqi
22197,Drilon 'wolfano' Raçi
22868,Redon 'red0nz' Ademi
20451,Matias 'abizz' Muñiz Cusi
19985,Ignacio 'nacho' Rodriguez
17039,Marcos 'deco' Amato
19872,Nicolas 'BK1' Cespedes
20992,Ivan 'ivz' Quintana
18141,Rodrigo 'biguzera' Bittencourt
20171,João 'snow' Vinicius
20563,Lucas 'lux' Meneghini
20085,Kaue 'kauez' Kaschuk
19694,Lucas 'nqz' Soares
20026,Richard 'chayJESUS' Seidy
18717,Lucas 'Lucaozy' Neves
19692,Romeu 'zevy' Rocco
22366,Nicollas 'nicks' Polonio de Oliveira
12521,Andrei 'arT' Piovezan
14394,Matheus 'Tuurtle' Anhaia
14390,Adriano 'WOOD7' Cerato
20897,João 'matios' Guedes
17181,João 'naitte' Maia
16771,John 'lineko' Lineck
20558,Victor 'gafolo' Andrade
21921,Daniel 'rdnzao' Monteiro
22911,Danilo 'doc' Barros
23461,Pedro 'pepe' Almeida
21170,João 'koala' Pfeffer
17132,Leonardo 'Leomonster' Enrique
19973,Guilherme 'roz' Pureza
21100,Vinicius 'zede' Reis
17133,Emerson 'desh' Enrique
18549,Eduardo 'laser' Chshekin
9221,Roberto 'reversive' Themtham
17997,Nicolás 'lenci' Lencinas
21169,Sebastian 'righi' Righi
20268,Joaquin 'atarax1a' Biglieri
22421,Rafael 'rainny' Silva
17216,Marcello 'MaLLby' Czarneski
20939,Allan 'history' Lawrenz
11329,Leonardo 'leo_drk' Oliveira
22109,Vinicius 'vinaabEAST' Santos
18322,Gianfranco 'KAISER' Pantano
9220,Gustavo 'SHOOWTiME' Gonçalves
21038,Thiago 'reix' Alves
13287,Pedro 'bnc' Mendes
18714,Guilherme 'piriajr' Barbosa
22779,Joao 'jz' Lourenço
22964,Vitor 'stormzyn' Ferreira
22082,Marcos 'fokiu' Paulo
18894,Henrique 't9rnay' Menacho
20029,Cauã 'card' Cardoso
21155,Nazareno 'naz' Romero
14737,Ignacio 'meyern' Meyer
20394,Luciano 'luchov' Herrera
2161,Nicolás 'Noktse' Dávila
22570,Tomas 'tomaszin' Corna
20097,Deyvid 'h4rn' Benchev
20363,Joel 'joel' Holmlund
15369,Hristiyan 'REDSTAR' Pironkov
13018,Thomas 'Thomas' Utting
21139,Luca 'pr1metapz' Voigt
20870,Henrich 'sl3nd' Hevesi
20926,Andreas 'aNdu' Maasing
2553,Janusz 'Snax' Pogorzelski
20358,Sebastian 'volt' Maloș
20994,Timur 'FL4MUS' Marev
18070,Patryk 'Demho' Tomaszewski
20958,Wojciech 'bajmi' Strzelczyk
15940,Kamil 'Sobol' Sobolewski
20018,Sebastian 'fr3nd' Kuśmierz
20960,Mateusz 'ex1st' Witman
22106,Oscar 'AZUWU' Bell
7996,Joey 'CRUC1AL' Steusel
22702,Jan 'cej0t' Dyl
8983,Max 'MiGHTYMAX' Heath
9019,Kia 'Surreal' Man
19815,Martin 'Dytor' Handl
9911,Rasmus 'kreaz' Johansson
19594,Vít 'nbqq' Pohlot
12945,Raul 'Blytz' Gligor
19069,David 'forsyy' Bílý
14176,Kévin 'misutaaa' Rabier
10981,Mateusz 'mantuu' Wilczewski
2898,Rasmus 'raalz' Steensborg
10610,Ismail 'refrezh' Ali
19817,Alexandru 's0und' Ștefan
22011,Adrian 'kadziu' Lis
20637,Maciej 'b1elany' Biliński
21763,Roland 'ultimate' Tomkowiak
8327,Damian 'Furlan' Kislowski
11891,Tomasz 'phr' Wójcik
3849,Jesper 'JW' Wecksell
16029,Ludvig 'HEAP' Alonso
15949,Peppe 'Peppzor' Borak
3055,Robin 'flusha' Rönnquist
11110,Maikil 'Golden' Selim
22279,Oldřich 'PR' Nový
22695,William 'sirah' Kjærsgaard
22904,Denys 'Burmylov' Buraga
21972,Ryan 'Neityu' Aubry
21983,Christoffer 'Chr1zN' Storgaard
13077,Patrick 'Patti' Larsen
21379,Jason 'salazar' Salazar
20300,Tobias 'kraghen' Kragh Jensen
8891,Magnus 'Nodios' Olsen
13749,Jonas 'Queenix' Dideriksen
18456,Stanislav 'fostar' Ostashevskiy
9616,François 'AMANEK' Delaunay
15385,Kalin 'KalubeR' Erenditsov
9798,Dawid 'lunAtic' Cieślak
20413,Łukasz 'mwlky' Pachucki
17116,Cosmin 'ragga' Teodorescu
9626,Adrian 'XELLOW' Guță
1206,Cătălin-Ionuț 'BTN' Stănescu
15573,Daniel-Cătălin 'Ciocardau' Purice
21213,Ersin 'ERSIN' Chiriac
11954,Dion 'FASHR' Derksen
20941,Christian 'Buzz' Andersen
20123,Iulian 'regali' Harjău
20110,Max 'Marix' Kugener
5796,Tizian 'tiziaN' Feldbusch
3820,Tobias 'TOBIZ' Theo
21783,Adin 'brutmonster' Husić
21784,Saša 'simke' Simić
5351,Filip 'aVN' Belojica
8311,Nemanja 'nEMANHA' Đukić
21302,Andrej 'Cjoffo' Šarac
14494,Paytyn 'junior' Johnson
17918,Carson 'nosraC' O'Reilly
7805,William 'RUSH' Wierzba
20333,Jeorge 'Jeorge'  Endicott
9571,Christopher 'cJ dA K1nG' Jones
22965,Guilherme 'saadzin' Pacheco
15698,Eduardo 'dumau' Wolkmer
17585,Bruno 'b4rtiN' Câmara
19045,Bruno 'latto' Rebelatto
9482,Gabriel 'NEKIZ' Schenato
20692,Deni 'dea' Ediev
19710,Derek 'dare' Brown
19709,Shane 'shane' Dressler
22135,Jaxon 'Peeping' Cornwell
19711,Wyatt 'snav' Phillippi
8507,Peter 'stanislaw' Jarguz
21665,Josh 'JBa' Barutt
19128,Keller 'SLIGHT' Nilan
13230,Ian 'motm' Hardy
8711,Aran 'Sonic' Groesbeek
21128,Saad 'Pluto' Siraj
15176,Matthew 'Cryptic' Whitmore
20564,Matthew 'd4rty' Paplawskas
18706,Adam 'freshie' Paterson
16478,Khizar 'Momo' Rehman
8503,Erik 'fl0m' Flom
7808,Ryan 'freakazoid' Abadir
15007,Austin 'Cooper' Abadir
16163,Nicholas 'hate' Young
22022,Cooper 'Trucklover86' Phelps
21820,Ochirbileg 'obi' Shinebaatar
23458,Andrey 'Laxiee' Maks
14744,Stanley 'calamity' Chiu
21705,Bishrel 'N20AmZ' Tamir
22918,Yizhi 'kralz ' Zhou
20400,Darius 'PNDLM' Bandali
11535,Nelvin 'nooz' Gonzalez
21120,Jason 'jason' Garcia
14799,Brett 'brett' Rhein
21741,Diego 'sacrifice' Camacho
20389,Andrew 'Drew' Warkentin
23711,Taggert 'taggy' Baker
22298,Max 'alula' Schreier
22589,Halen 'Halen' Lang
23109,Wyatt 'Weeza' Sahrmann
22267,John 'mds' Marin
18830,Kevin 'Grave' Le
17438,Cory 'shutout' Frymark
20629,Collin 'CoJoMo' Moren
20234,Gabriel 'Gabe' Shah
19079,Gavin 'Fruitcupx' Norman
23902,Colton 'FxRE' Thrasher
23831,Shawn 'JoSoo' Noah Kim
22794,Evindar 'Drop' Isik
23410,Connor 'CoolComs' Barnes
22069,Adam 'Grizz' Golden
21555,Kevin 'cypress' Quib
24048,Dylan 'slump' N.
22654,Jose 'raw1' M.
24193,Prs
24050,Christian 'mcniff' McNiff
21620,Nick 'nicx' Lee
20431,Deniz 'Experative' Mutlum
22967,Bogdan 'ogwizard' Savula
22300,Luka 'based' S.
23695,Quinn 'Nyyx' Knott
18090,Jack 'micro' Ryan
17930,Jerric 'wiz' Jiang
22921,Mason 'Lake' Sanderson
20934,Andrew 'Tender' Cote
21669,Sebastian 'Seb' Dietrich
10840,Alef 'tatazin' Pereira
23094,Renan 'RenanZin' Henrique
10557,Paulo 'land1n' Felipe
16831,William 'w1' Almasan
10838,Matheus 'mawth' Gonçalves
19707,Brennan 'grape' Greer
21455,Liam 'xCAPE' Redmond
15052,Keanu 'Danejoris' Reyes
20787,Nikolaos 'PoseidoNN' Antoniou
20390,Muhammad 'Mellow' Ali
20202,Johnny 'JDubs' Wu
23199,Mason 'mason' Watkins
20573,Andrew 'Andrew' Burrell
22552,Justin 'Sandman' Saulle
17799,Stephen 'SGM' Mechan
17510,David 'J0LZ' Jolin
17658,Gabriel 'TENSKEE' Rodrigue
17470,Cedric 'Melio' Perrault
20098,Brandon 'YuZ' Cyr
21189,Gabriel 'Gabie' Cordeiro
5021,Braxton 'swag' Pierce
203,Jordan 'n0thing' Gilbert
21091,Marco 'Pol0' Hernandez
7253,Joshua 'steel' Nissan
7440,Tyler 'Skadoodle' Latham
21980,Illya 'supa' Filanchuk
24045,Nazar 'H0NeST' Stefinko
24192,Vova 'bezymecc'  Slobodian
23223,Mark 'Termina' Nocturnal
23162,Kuanysh 'stanf1x' Zhasbulatov
21057,Sebastian 'Florence' Ogarev
23694,Alex 'tmk' Post
21743,Evan 'Fugi' Healy
20273,Andrew 'CAJUN' Guidroz
20572,Kamron 'kmrn' Manii
20784,Sam 'sam' Donaldson
20510,Joey 'hyza' Cornelius
21453,Kameron 'K4mr0' Bouma
19049,Anton 'Mak' Karpunin
24191,Eduard 'nico1ajus' Kuchynskyi
23727,Zekang 'akbeast' Li
23728,Ze 'Tar1us' Huang
21145,Yangyi '0K1N' Li
24187,Keyi 'Mer' Wang
23101,Edwin 'Edbooo' Kung
17622,Kyle 'Wolffe' Greenfield
15769,Josiah 'JoJo' Jimenez
13589,Gabe 'Spongey' Greiner
12113,Jonathan 'Jonji' Carey
8707,Peter 'ptr' Gurney
20204,Brody 'BeaKie' Kelly
1330,Paul 'Adrenaline' Baker
21813,Chance 'xaler' Palmer
23671,Raymon 'rayxts' Mando
24188,Aleksandar 'abp' Papic
22460,Maksim 'riskyb0b' Churikov
20387,Kirill 'Xant3r' Kononov
21266,Aliaksandr '1eeR' Nahorny
23317,Beksultan 'khaN' Ospan
23685,Ivan 'zweih' Gogin
23140,Adones 'krazy' Nobre
17003,Diogo 'snapy' Rodrigues
23237,Tiago 'TMKj' Martins
14094,Renato 'renatoohaxx' Gonçalves
20463,Diogo 'DDias' Dias
21715,Alan 'Flayy' Krupa
23295,Kamil 'kisserek' Banak
20349,Mariusz 'casey' Jarząb
973,Grzegorz 'SZPERO' Dziamałek
21263,Patryk 'olimp' Woźniak
17803,Rodyon 'fear' Smyk
23046,Dmytro 'jambo' Semera
23413,Vsevolod 's-chilla' Shchurov
23415,Eduard 'zeRRoFIX' Petrovskyi
23414,Nikita 'jackasmo' Skyba
23553,Džiugas 'dziugss' Steponavičius
20584,Dmytro 'dem0n' Myroshnychenko
22674,Nikita 'cmtry' Samolyotov
21198,Adam 'froz1k' Nahornyi
3669,Paweł 'innocent' Mocek
21692,Altair 'kAlash' Askarov
20600,Matvey 'sm3t' Gogin
22076,Andrey 'AW' Anisimov
19231,Vladislav 'h1te' Khait
22075,Vitaliy 'sFade8' Marushka
19996,Joel 'Jelo' Lentonen
9818,Samu 'uli' Leirilaakso
20593,Jussi 'Airax' Airaksinen
11283,Otto 'ottoNd' Sihvo
22144,Luka 'puuha' Eklund
24186,Henri 'Heke' Heikkinen
24183,Nyyrikki 'zeroz3r0o' Kylmänen
24184,Ilari 'Sollaar' Solin
14308,Jukka 'Vladimus' Neuvonen
24185,Topias 'Rejoiner' Liikola
22143,Pekko 'p3kko' Korkalainen
23501,Timo 'Monoxx' Irmasto
9271,Olli 'sLowi' Pitkänen
23502,Kosti 'Kollo' Kallioniemi
17644,Panu 'p12' Schutschkoff
12937,Adam 'WolfY' Andersson
14619,Gage 'Infinite' Green
17372,Justin 'FaNg' Coakley
17353,Danny 'cxzi' Strzelczyk
13250,Ben 'ben1337' Smith
18838,Jadan 'HexT' Postma
8735,Timothy 'autimatic' Ta
9136,Vincent 'Brehze' Cayonte
13249,Josh 'oSee' Ohm
17929,Colby 'Walco' Walsh
8850,Mounira 'GooseBreeder' Dobie
14401,Emma 'Emy' Choe
18641,Vivienne 'BiBiAhn' Quach
14203,Alan 'Shakezullah' Hardeman
22111,Vanessa 'vanessa' Gideon
20213,Fern 'intra' Hak
17437,Nolan 'Louie' Herges
22213,Zy 'yz0' Esponilla
17318,Tobias 'shyyne' Sæther
23142,Jamie 'Tree60' Callan
20805,Jacob 'Rezst' Hemming
20659,Rory 'cryths' Ursell
21775,Anthony 'BehinDx' Luscombe
22737,Karrar 'Karrar' Almayali
21990,Michael 'Prime' John Fury
22736,Adam 'AdamJC' Colwell
22518,William 'wfn' Maskrey
17652,Joe 'Dexie' Demmon
24166,Alex 'Frosty' Foster
21342,Luke 'Nem' Mear
18253,Connor 'Finui' Finucane
24165,Kuba 'kas' Capala
23143,Rik 've1nzo' Zwegers
22876,Fizan 'Fizzy' Anjum
22487,Connor 'Bigun007' Suddons
24056,James 'Flicky' Errington
21817,Rhys 'Rhys' Stumbles
16486,Erik 'ztr' Gustafsson
24163,Marcus 'Masterpipe' Tügel
9148,Linus 'b0bbzki' Lundqvist
5427,Daniel 'pani' Aicardi
22023,Selin 'spike' Sinem Alak
20183,Lucas 'decenty' Bacelar
9219,João 'felps' Vasconcellos
8565,Henrique 'HEN1' Teles
22564,Kaiky 'noway' Santos
12822,Vinicius 'VINI' Figueiredo
21288,Carlos 'venomzera' Eduardo
16817,Wesley 'hardzao' Lopes
18865,David 'dav1deuS' Tapia Maldonado
18743,Gabriel 'nython' Lino
9216,Marcelo 'coldzera' David
20987,Breno 'brnz4n' Poletto
18835,Rafael 'saffee' Costa
11154,Raphael 'exit' Lacerda
21037,Felipe 'insani' Yuji
19750,André 'drop' Abreu
22777,Diogo 'diozera' Oliveira Nunes
19972,Cristopher 'ckzao' Chalus
20885,Leonardo 'fREQ' Kurussu
17219,Ruann 'keiz' Rotondano
21917,Marcel 'mxa' Autran
21026,Pedro 'betinho' Umberto
23552,Majed 'slashzz' Ahmad
24146,Lucas 'lezy' da Silva Mota
23549,Maximiliano 'MaxOff' Elefanté
23957,Isaac 'neozix' Bruce
23550,Gustavo 'divine' Santicioli Altapini
17277,Guido 'guidimon' Romano
12375,Ezequiel 'KUN' Palmero
15687,Thomas 'christo' Navales
23379,Santiago 'santt1g' Freire
20531,Leonardo 'ABM' Acuña
10828,Michael 'dok' Marques
21638,Gabriel 'leleo' Rezende
22085,Henzo 'spinnie' Macri
14781,Vinicius 'vhz' Santana
10570,Denis 'dzt' Fischer
20577,Bruno 'Bruninho' Rodrigues
22084,Leonardo 'mello' Melo
22404,Diogo 'cerolzin' Terto
22559,João 'Jotag3' Gabriel
16774,Gustavo 'GYZER' Ribeiro
22956,Gabriel 'lash' Sampaio
22364,Jonatan 'j0w' Sperotto
22957,Lucas 'stAx' Scharenberg
24178,João 'Straafer' Andrade
22569,Pedro 'ritz' Espechit
21290,Henrique 'perez' Perez
20674,Rawan 'beg0d' Tavares
21802,Mariana 'mari' Preste
23092,Sofia 'Sofiaxyz' Castelli
22232,Amanda 's1non' Paulino
21733,Mariana 'LyttleZ' Sabia
20501,Gabriela 'bokor' Bokor
22852,Matteo 'Dahq' Dahlquist
23708,Milo '1Nalle' Schmidt
23704,Emanuel 'k1' Biström
23705,Julian 'jullemann' Hammarström
23278,Olle 'Olleja' Jacobsson
23281,Elias 'musinko' Westergaard
23280,Thilion 'tA1LUNGG' Nehro
23282,Karl 'kakura7' Hedin
24160,Wilmer 'Skumpish' Segerdahl
23696,Leo 'Wonder' Wänlund
23698,Charlie 'StraXter' Eroldsson
23697,Isak 'f0ppa' Forsberg
22264,Pontus 'kentaan' Gustson
22263,Mattis 'Maddis' Johansson
23286,Emil 'EmilS' Suvala
23287,Noah 'BallongIgor' Lindfors
23706,Emil 'lytikern' Grahn
23707,Sixten 'sixten' Östergren Hermansson
23288,Kristian 'slinky101' Koski
13317,Áron 'Aaron' Homoki
21008,Armand 'SHIFTZZZ' Hegedüs
22291,Petz 'Memeske' Bálint
16495,Kornél 'kory' Szedlár
24152,Palkovics 'playN' Tamás
20882,Jurus 'Kamion' Zsolt
12317,Fodor 'fleav' Levente
8733,Patrik 'bodito' Boda
14202,András 'coolio' Fercsák
21786,Xavér 'xavi' Hebők
22283,Bálint 'makszi' Sánta
22286,Dániel 'NONS3NS' Werner
24154,Fodor 'Szkvrtl' Dániel
24153,Benczik 'Totya' Tamás
22284,Bence 'flasi' Sánta
24158,Kovács 'Troll2k' Bálint
24157,Besenyei 'besi' Bálint
24159,Lázár 'Rajmex' Rajmund
24156,Csizmadi 'HypeHaistos' Tamás
24155,Jurácsik 'yERKA' Dávid
18731,Damien 'wasiNk' Dufour
21142,Bartek 'mASKED' Trybuła
20309,Bartosz 'bnox' Niebisz
24179,Adrian 'SpavaQu' Stojek
20284,Martin 'maaryy' Nakonieczny
20283,Tomasz 'tomiko' Uroda
7266,Florian 'syrsoN' Rische
5794,Johannes 'tabseN' Wodarz
14929,Jon 'JDC' de Castro
19899,Karim 'Krimbo' Moussa
19284,David 'prosus' Hesse
21362,Danila 'TruNiQ' Polymordvinov
22039,Danil 'danistzz' Roslyakov
19575,Daniil 'X5G7V' Maryshev
17316,Georgiy 'Vert' Kinzyagulov
20956,Timofey 'fozil' Komkov
13239,Alexey 'Qikert' Golubev
19673,Robert 'Patsi' Isyanov
21348,Artem 'ArtFr0st' Kharitonov
19235,Andrey 'BELCHONOKK' Yasinskiy
20430,Daniil 'alpha' Demin
19681,Junhao 'ChildKing' Peng
21323,Junqi 'Risk' Chen
7028,YuLun 'Summer' Cai
21825,Yihang 'AhaNg' Li
8605,HaoWen 'somebody' Xu
15208,Łukasz 'splawik' Jahns
8727,Nikita 'waterfaLLZ' Matveyev
22189,Vladislav 'H4SAN4TOR' Tuchin
798,Tomáš 'oskar' Šťastný
20229,Josef 'MoriiSko' Maurenc
11199,Sebastian 'beastik' Daňo
12810,Max 'SHOCK' Kvapil
22280,Michal 'majky' Švancara
22749,Kacper 'ANeraX' Greczka
11276,Kuba 'Markoś' Markowski
22659,Ole 'Affava' Tomas Wesche
24162,Matas 'Maus' Usas
22102,Linas 'LeeN' Ališauskas
13927,Marius 'CagXD' Michailov
12030,Rokas 'EspiranTo' Milasauskas
19976,Marijus 'slokkerR' Jazbutis
19981,Rokas 'BaGyZ' Kelpšas
23077,Aleksandras 'StreakN' Kantminas
22191,Matas 'MAGILA' Magila
19982,Ovidijus 'Sidivo' Miliauskas
21793,Coline 'Kaoday' Le Floc'h
23613,Phoebe 'phoebe' Winter
8642,Amanda 'rain' Smith
8640,Emmalee 'EMUHLEET' Garrido
22889,Olga 'olya' Kryvulych
23524,Elena 'Ellie' Garland
8644,Carolyn 'artStar' Noquez
21961,Mira 'mira' Luna
24131,Erin 'erin' Luna
18999,April 'Bungee' Haight
21602,Ritesh 'DEFAULTER' Sarda
21601,Hrishikesh 'Crazy_Gamer' Shenoy
16079,Shuvajyoti 'Mcg!LLzZz' Chakborty
24161,Roman 'DayMake' Malyshev
19133,Kiran 'Rossi' Rudresh
23430,Parijat 'reV3nnnn' Banerjee
23429,Aakash 'Ph1NNN' Bose
23577,Rahul 'R2B2' Banerjee
23680,Aleksandr '1nhuman' Reshetnikov
23323,Bhavesh 'Bhavi' Sejwani
16091,Jaspreet 'SpawN' Singh
23321,Sadanand 'Rider' Dey
15762,Garvit 'EmbeR' Nehra
19563,Piyush 'clouda' Kalwania
23324,Vishwesh 'CycloneF' Waradkar
23452,Harsh 'f1redup' Jain
23422,Nikhil 'N1kace' Kathe
23322,Hamid 'Gh0sTTTT' Chaudhary
23425,Saagnik 'L0ngBarrel ' Sarbadhikari
24074,Chintan 'BuNTz' Shukla
23582,Amandeep 'arakyN' Singh
17147,Flatron 'juanflatroo' Halimi
19725,Genc 'gxx-' Kolgeci
13026,Luka 'c0llins' Živanović
2476,Luka 'emi' Vuković
20253,Nikola 'Dragon' Boskovic
20066,Jane 'aidKiT' Apostoloski
21067,Zoran 'xicoz' Markovski
21439,Kaisar 'ICY' Faiznurov
12027,Vladislav 'Krad' Kravchenko
16948,Aleksandr 'TRAVIS' Timkiv
13982,Igor 'Forester' Bezotecheskiy
23047,Daniil 'Sdaim' Tupov
20709,Evgeny 'r3salt' Frolov
19882,Evgeny 'Norwi' Ermolin
20113,Denis 'deko' Zhukov
19236,Aleksandr 'KENSI' Gurkin
13240,Viktor 'Lack1' Boldyrev
20700,Vladislav 'lattykk' Vydrin
12269,Rassim 'Jyo' Valijev
11942,Timur 'buster' Tulepov
11940,Sanzhar 'neaLaN' Iskhakov
19703,Boris 'Ryujin' Kim
24203,Georgi 'Jorko' Mitev
20114,Kaloyan 'shaiK' Borisov
24207,Artem 'bonce' Radomskiy
20388,Milen 'milky' Iliev
16410,Viktor 'Duplicate' Mitev
24204,Serhii 'Kiy0o' Savitskyi
20289,Brajan 'DGL' Lemecha
18163,Bebu 'Bibu' Aadil
17293,Danil 'Porya' Poryadin
20464,Michel 'ewjerkz' Pinto
20465,Rafael 'arrozdoce' Wing
2241,Ricardo 'roman' Oliveira
20462,João 'story' Vieira
630,Christopher 'MUTiRiS' Fernandes
15165,Benjamin 'blameF' Bremer
21062,Matúš 'MATYS' Šimko
8374,Alexandre 'bodyy' Pianaro
7528,Freddy 'KRIMZ' Johansson
19926,Aurélien 'afro' Drapier
21815,Paavo 'podi' Heiskanen
7412,Lukas 'gla1ve' Rossander
19114,Kacper 'Kylar' Walukiewicz
15428,Krzysztof 'Goofy' Górski
12731,Viktor 'sdy' Orudzhev
8998,Tiago 'JUST' Moura
19698,Adam 'adamS' Marian
11205,Renato 'stadodo' Gonçalves
19509,David 'dav1g' Granado Bermudo
9254,Alejandro 'mopoz' Fernández-Quejo Cano
19187,Yasin 'xfl0ud' Koç
22047,Simon 'yxngstxr' Boije
22361,Samet 'jottAAA' Köklü
20245,Dawid 'SaMey' Stańczak
19310,Linus 'LNZ' Holtäng
21717,Daniil 't3ns1on' Kashura
2131,Vladyslav 'bondik' Nechyporchuk
18240,Oleksandr 'Smash' Turchyn
20228,Yevhen 'j3kie' Serhachov
23815,Andrii 'guthriee' Havrysh
20813,Vladan 'VLDN' Radević
22476,Karol 'virtuoso' Wrześniewski
22474,Jan 'POLO' Polak
18979,Wojciech 'Prism' Zięba
22473,Konrad 'Qlocuu' Klocek
22008,Oliwier 'swiz' Janus
8324,Piotr 'morelz' Taterka
15204,Arek 'Vegi' Nawojski
21159,Jonatan 'bobeksde' Persson
16753,Mikkel 'n1Xen' Borlund
10961,Kristoffer 'Kristou' Aamand
21779,Martin 'nut nut' Holm Vestergaard
20417,Anton 'Anlelele' Huynh
24149,Giorgi 'Schwarz' Gaxokidze
20782,Simon 'Goody' Chayka
21465,Filip 'darber' Böhm
18560,Oliver 'leaf' Jackson
21716,Lipoșteanu 'waZz' Andrei Corneliu
16436,Luboš 'Tusi' Tusjak
9666,Lubos 'HenkkyG' Ilko
8581,Peter 'naturaL' Turčan
18948,Martin 'CreZe' Bagala
7762,Tomáš 'teCkoO' Koširer
22214,Rand 'Rand' Kadir
16599,Michael 'Swisher' Schmid
17378,Ethan 'reck' Serrano
11617,Mario 'malbsMd' Samayoa
15370,Fritz 'slaxz-' Dietrich
20104,Elias 's1n' Stein
20211,Ahmed 'ayy' Mahmoud
16497,Victoria 'tory' Kazieva
1646,Zainab 'zAAz' Turkie
12758,Ana 'ANa' Dumbravă
18775,Alexandra 'twenty3' Timonina
21756,Katarína 'Kat' Vašková
22063,Hania 'Hanka' Pudlis
16760,Karolina 'Liina' Kasprzyk
22062,Wiktoria 'vicu' Janicka
21727,Martyna 'LETi' Owsik
22065,Angelika 'Angelka' Kozłowska
16764,Ana 'Zana' Queiroz
23049,Alexandra 'kyossa' Tykhonska
7653,Julia 'juliano' Kiran
22871,Paulie 'pauliiee' Barazani
20165,Jennifer 'JennyR' Irina Brea Rodriguez
1656,Julie 'Ju' Ricou
23451,Magdalena 'Hikomi' Demska
22093,Amira 'aiveri' Zhussupova
15831,Marta 'D7' Asensio
18786,Thea 'pullox' Evensen
23062,Linnea 'Nea' Claesson
22104,Anna 'Ann4' Laurinoviča
23509,Katharina 'KiTKaT' Bauenmand
13568,Filip 'AJTT' Dolenský
11414,Tomáš 'Tomkeejs' Tomka
24084,Eric 'Focus' Piccoliori
24083,Liam 'MaiL09' Tügel
22265,Charlie 'Cham' Ahlm
24082,Viktor 'viz' Silfverskans
22759,Jacob 'jocab' Nerheden
22762,Tim 'TIMhehe' Hennichs
16726,Love 'phzy' Smidebrant
22760,Markus 'upE' Johansson
22874,Leo 'Silence' Ingvarsson
15631,Kaike 'KSCERATO' Cerato
2023,Gabriel 'FalleN' Toledo
12553,Yuri 'yuurih' Santos
10566,Marcelo 'chelo' Cespedes
20385,Kayke 'kye' Bertolucci
15697,Patryk 'Sidney' Korab
18129,Tal 'meztal' Hahiashvili
20533,Mori 'MOREE' Mizrahi
22751,Marcel 'hotd0g ' Maziejuk
18048,Mateusz 'm4tthi' Szambelan
18788,Daniel 'dan1' Gligorov
24067,Erikas 'MadeInRed' Musnikas
16886,Victor 'vigg0' Bisgaard
10443,Sebastian 'Basso' Aagaard
15569,Anton 'Sapec' Palmgren
20301,Sebastian 'Tauson' Tauson Lindelof
16102,Filipe 'NOPEEJ' Dias
11815,Guy 'anarkez' Trachtman
20252,Vladan 'Kind0' Mandic
20682,Gustavo 'Juve' Alexandre
21499,Elmeri 'ykis' Lind
14236,Olli 'oopee' Piispanen
17106,Jasper 'japE' Svensberg
15750,Miika 'Welho' Mäki-Hoimela
9325,Tony 'arvid' Niemelä
16835,Gabriel 'ponter' Amaral
21915,Nicolas 'r1see' Kubitza
24087,Matheus 'pr1sma' de Oliveira Alves Leite
20208,Arlind 'deb0' Sadiku
22929,Emil 'nota' Moskvitin
3459,Semyon 'kinqie' Lisitsyn
20534,Aleksandr 'Kiro' Sherov
22927,Ilya 'executor' Weber
22930,Philipp 'tex1y' Moskvitin
20357,Daniil 'd1Ledez' Kustov
17508,Aleksandr 'glowiing' Matsievich
14273,Artem 'iDISBALANCE' Egorov
12004,Timur 'clax' Sabirov
17011,Aleksandr 'shalfey' Marenov
23601,Dias 'd1aszz' Kurmangaliev
20119,Linus 'nilo' Bergman
14218,Nicolas 'Plopski' Gonzalez Zamora
13669,Jack 'Jackinho' Ström Mattsson
20878,Adam 'adamb' Ångström
3347,Denis 'seized' Kostin
13157,Andrey 'Jerry' Mekhryakov
20879,Max 'maxster' Jansson
20425,Artem 'r1nkle' Moroz
9278,Fredrik 'REZ' Sterner
17937,Isak 'isak' Fahlén
8371,Alejandro 'alex' Masanet
19705,Connor 'chop' Sullivan
23136,Eric 'Zucar' Zuccaro
23137,Andrew 'dvrk' Brunken
23138,Alexander 'sasha' Burke
21589,Josh 'Joshyy' Reynolds
15090,Josh 'PwnAlone' Pigue
964,Rustem 'mou' Telepov
18752,Aidos 'kade0' Khairzhan
24021,Darxan 'adai' Jeksenbai
17792,Aman 'ice' Seitkaliyev
24136,Jesper 'Realyummy' Svensson
15716,Lukas 'MistFire' Poromaa
15635,Alex 'PALM1' Palm
24137,Liam 'Licale' Leckremo
18455,Marcello 'Mazzo' De La Rivera Andersen
8151,Asger 'AcilioN' Larsen
19846,Anthony 'CLASIA' Kearney
23615,Adel 'fLickza' Holm
24142,Adrian 'Wolf' Næss
24112,Alfred 'p1ke' Mellergårdh
23616,Emil 'ZapR' Marcussen
24143,Tobias 'lindeen' Linden
9873,Jon 'ztk' Erik Øygarden
16928,Bjørnar 'bfr' Fauske Røn
9872,Snorre 'fletch' Granerud
13628,Daniel 'zykes' Jensen
20714,Markus 'markow' Otterstad
24064,Loke 'artstyle' Ekaas
24066,Vegard 'Norways' Edvardsen
24065,Julian 'Redly' Rokne
22661,Oliver 'Smistad' Smistad
13174,Adam 'flaw' Gustafsson
21136,José 'Shr' Gil
21986,Rui 'hdstr' Pinto
23236,João 'Drext' Pinto
23929,Ernesto 'nesto' Silva
20683,Diogo 'Icarus' Cruz
15885,Paulo 'pr' Silva
22807,António 'aragornN' Barbosa
21014,André 'Ag1l' Gil
20054,Rafael 'rafaxF' Faria
629,Ricardo 'fox' Pacheco
17002,Miguel 'sark' Diogo
24139,Dinis 'Moretz' Jalles
24138,Ruben 'Kunana' Silva
24140,Danilo 'Werzaide' Bastos
24141,Afonso 'Truti' Rodrigues
22613,Matias 'HUASOPEEK' Ibañez Hernandez
14736,Franco 'dgt' Garcia
21239,Antonio 'MartinezSa' Martinez
20607,Nicolás 'buda' Kramer
12092,Maximiliano 'max' Gonzalez
20084,Victor 'togs' Rapassi
16645,Rodrigo 'drg' Ausenka
21809,Usukhbayar '910' Banzragch
21001,Ayush 'mzinho' Batbold
20275,Sodbayar 'Techno' Munkhbold
20194,Garidmagnai 'bLitz' Byambasuren
20903,Munkhbold 'Senzu' Azbayar
22333,Temuulen 'MiQ' Byambadalai
9521,Gan-Erdene 'dobu' Batbold
18689,Tuvshintugs 'Annihilation' Nyamdorj
10870,Bat-Enkh 'kabal' Batbayar
23457,Munkhsaikhan 'Zesta' Erdenebaatar
18638,Tengis 'sk0R' Batjargal
9519,Munkhtamir 'tamir' Ganbaatar
19957,Baatarkhuu 'Bart4k' Batbold
15072,Yesuntumur 'nin9' Gantulga
23402,Anarbileg 'cobra' Uuganbayar
21428,Davaasuren 'fury5k' Ganbaatar
8622,Temuulen 'Zilkenberg' Battulga
20703,Enkhbat 'xerolte' Munkhtogtokh
15060,Uuganbayar 'NEUZ' Nyam-Otgon
21402,Temuulen 'starDUST' Erdenebayr
21971,Hugo 'Brooxsy' Di Bono
21968,Eythan 'unshaark' Solomon
10569,David 'devoduvek' Dobrosavljevic
19742,Etienne 'drac' Salaün
20482,Jeremy 'Kursy' Gast
7322,Dan 'apEX' Madesclaire
7170,Edouard 'SmithZz' Dubourdeaux
147,Christophe 'SIXER' Xia
284,Audric 'JACKZ' Jug
23670,Adel 'AZIDOT' Saïch
20444,Rayan 'Yeneurs' Admi
15914,Luca 'Luken' Nadotti
17241,Kevyn 'BALEROSTYLE' Guedes
8568,Ricardo 'boltz' Prass
5736,Vito 'kNgV-' Giuseppe
9217,Epitacio 'TACO' de Melo
8566,Lucas 'LUCAS1' Teles
11500,Andrés 'Andrew' Clavijo
21099,Lucas 'bsd' Luan
16816,Vinicius 'vsm' Moreira
21667,Kirill 'Magnojez' Rodnov
15662,Aleksandr 'zorte' Zagodyrenko
19920,Aleksandr 'KaiR0N-' Anashkin
18506,Pavel 's1ren' Ogloblin
16921,Vladislav 'nafany' Gorshkov
17562,Ahmed 'abdi' Abdi
21513,Daniils '4X1s' Jaciks
24114,Ivan 'xm1nd' Dragunov
23764,Vladislav 'Alv' Vorokhobov
19664,Ivan 'torox' Belkin
12754,Stefan '1mpala' Ailazian
23401,Kim 'mAnGo' Larsen
21657,Dimitar 'Skrimo' Yanulov
23735,Rasmus 'dezt' Nyström
22136,Rasmus 'zodi' Frølich
24086,João 'JLK' Ricci
23722,Artjoms 'flairr' Avramuks
16625,Karlis 'karlisabc' Bisenieks
21295,Ivo 'jwxp' Dripe
23719,Markuss 'keni' Jēkabsons
13572,Emīls 'Emis2' Cinītis
21564,Žans 'Zan1S' Cepeļevs
24130,Vladislavs 'vladickk' Slavaševskis
24128,Maksims 'ASTR' Joniconoks
20474,Artjoms 'makaroff' Makarovs
24129,Aleksandrs 'H1kari' Argalis
24127,Romāns 'Dabok' Evarsons
19038,Mathias 'PR1mE' Carlsen
24111,Julius 'Junyme' Meyhoff
9903,Anton 'notaN' Pedersen
23337,Kasper 'zEden' Kjær Christensen
23335,Magnus 'Folke' Lind
21574,Jonas 'Boye' Boye Østergaard
24108,Magnus 'fa1th' Sorth
22814,Jonas 'Jiace' Pedersen
24106,Emilio 'emili0' Kislo
24107,Mathias 'grumpyMonk' Stentoft
22811,Tobias 'Avou' Winberg
21396,Ariunjargal 'ariucle' Yadam
22415,Otgonlhagva 'AccuracyTG' Batjargal
22414,Tugserdene 'Efire' Erdenebold
22908,Zol-Erdene 'Wonderzce' Shijirbaatar
19229,Undrakhbayar 'ROUX' Zolbayar
24124,Turbold 'rhittacrit' Turbat
24122,Bilguun 'skatora' Erdenebileg
24125,Turbold 'xenization' Amarzaya
24123,Tengis 'sideffect' Purevsuren
24126,Davaa-Od 'MONDAYST4RZ13' Batmunkh
24118,Samuel 'W1LDG2' Hitcher
24119,Scott 'loltrip' Ronczy
24120,Marcelo 'Primal' Benalcazar-Robles
17443,Anthony 'Primary-Asset' Simon
21407,Koen 'xxriotpro' Smythe
23166,Vinícius 'vin3' Zanini
24117,Jason 'Enzo' Agaliotis
17478,Andrew 'Kermi' Cretella
23164,João 'clx' Calixto
18783,Jennica 'jenkon' Sjögren
22604,Lea 'xia' Vagová
23576,Haarish 'hattygOD' Ali
22740,Ugnius 'Berzius' Kavaliauskas
23736,Maksimas 'PoKe' Kalinauskas
23739,Eimantas 'Darkas' Gliaudys
20595,Ąžuolas 'AwwEzz' Misevičius
21215,Albinas 'tooi' Šeputis
22101,Emilis 'spardaus' Blažys
21233,Ville 'myltsi' Vilkman
20677,Ahmet '2high' Baftijari
22733,Teemu 'teme' Korva
18848,Henri 'HENU' Ylilehto
15565,Jarkko 'spargo' Rahja
20625,Matias 'Banjo' Kivistö
24115,Jesse 'Kossu72' Kosamo
24116,Okko-Albert 'Lapra' Lepikkö
21963,Aleksi 'Alxc' Lähevirta
16105,Juho 'N44M4' Alén
22226,Vertti 'yolt' Ylinampa
16369,Miika 'kaavio' Nurmi
16561,Valtteri 'lehtori' Pynnönen
691,Markus 'shaker' Pyysalo
8576,Lasse 'ZOREE' Uronen
7248,Sami 'xseveN' Laasanen
18812,Veeti 'S1rva' Sirva
11219,Tsvetelin 'CeRq' Dimitrov
15821,Adam 'NEOFRAG' Zouhar
21749,Sebastian 'cbass' Bentancor
13689,Caleb 'jchancE' Davis
23693,Grant 'serv0' Medina
22789,Noah 'z0mb1e' Velez
20578,John 'arcade' Rogel
22158,Sean 'Coastal' Thompson
23089,Leon 'DooM' Palmer
12010,Patrick 'P4TriCK' Zaremba
19671,Jordan 'Python' Munck-Foehrle
23614,Kacper 'KukuBambo' Szlachta
16938,Arnas 'Sterzig' Kavoliunas
15726,Piotr 'nawrot' Nawrocki
23766,Milan 'hypex' Polowiec
1154,Roman 'roman' Redihin
22169,Daniel 'Reason' Martinez
20788,Brett 'Beastman' Eastman
22168,Mason 'Pr0mise' Maher
17485,Charles 'ChwE' Whitehead
21400,Jake 'zebra' Davis
23692,Jérémy 'BiNoX' Chiasson
23690,Ty 'TyRa' Aron
23691,David 'Beast' Zucker
23222,Zolo 'Zamgaa' Amgaa
23689,Dalton 'dopplahs' Hanley
21630,Artem 'Pipw' Ivankin
18510,Amin 'sugaR' Azimov
16946,Vadim 'Polt' Tsyrov
20201,Dmitriy 'FpSSS' Sofronov
20197,Yuri 'faydett' Martirosov
338,Yegor 'markeloff' Markelov
22676,Ernest 'karnez' Kazakov
20931,Alexey 'fleer' Starlytov
8125,Dmitriy 'Dimaoneshot' Bandurka
24174,Ilya 'eLa1z' Galeev
24173,Nikita 'tENZY' Kochenyuk
9081,Dmitry 'S0tF1k' Forostyanko
20957,Kamil 'Klameczka' Mętel
23765,Oskar 'hfah' Wroński
24175,Vitaliy 'yukitoro' Protas
23767,Adrian 'AdrieN' Mucha
21143,Szymon 'sk1tt' Rogoziński
20750,David 'P3R3IIRA' Pereira
24168,Viktor 'onic' Babii
24167,Ivan 'remorse' Solodovnik
24170,Oleksandr 'jabba2h' Baranyshyn
19913,Ilya 'Ganginho' Chernychenko
24169,Vladyslav 'xxlafy' Rudas
695,Aleksi 'allu' Jalli
18643,Joona 'Sm1llee' Holmström
22145,Ville 'Villeboe' Saarela
24121,Niki 'Cliqq'  Kinnunen
20594,Jere 'Jerppa' Määttä
13976,Anton 'boX' Burko
7775,Juho 'juho' Lampinen
9819,Joonas 'doto' Forss
11995,Thomas 'TMB' Bundsbæk
9896,Johannes 'b0RUP' Borup
10264,Nikolaj 'niko' Kristensen
13466,Denislav 'dennyslaw' Dimitrov
17145,Aleks 'Rainwaker' Petrov
11343,Georgi 'SHiPZ' Grigorov
18697,Blagoi 'oxygeN' Dimitrov
18465,Denis 'Grashog' Hristov
9574,Michał 'snatchie' Rudzki
22475,Jakub 'nestee' Lempart
11278,Mateusz 'TOAO' Zawistowski
23182,Felix 'Frøg' Bergeron
22866,Jason 'JBOEN' Boe Nielsen
22345,Jan 'pandi7o' Holák
21058,Tianyi 'Fr3nk1e' He
19939,McKinley 'Cyrix' Hollison
24110,Alec 'JvXt' Szarek
9053,Michael 'Uber' Stapells
18623,Sean 'Inseaniac' Morrison
12102,Jonathan 'djay' Dallal
20233,Matthew 'scar' Bruni
12711,Alfonso 'krZ' Fiorani
8518,Mitch 'glorinsz' MacInnis
24109,Mike 'ekim' Paladino
19093,Patrick 'HeyPynello!' Weidmann
21456,Julian 'JuliO' Oberhänsli
24098,Andrin 'Slaptixx' Sibold
24099,Simon 'stuerzi1' Stierli
19462,Nicola 'BORO37' Meier
24026,Sven 'Xbenz' Vester
20326,Tim 'DAVEN' Schillat
22139,Gert 'klyrO' Truupõld
24100,Oliver 'Sunvon' Grun
19094,Fatih 'reezk' Gorda
20133,Leo 'Svedjehed' Svedjehed
24102,Lucas 'Mizi' Mirza
24103,Sylvester 'Sly' Winning Jensen
23334,Jonas 'Bukhavez' Vestergaard
24101,Emil 'Blizoo' Egelund Rasmussen
24104,Nicky 'NickyB' Bruhn
21776,Phillip 'foam' Østergaard Nørbæk
21575,Rasmus 'Scr0b' Poulsen
20061,Emil 'fez' Kristensen
22696,Bertil 'Dengzoe' Dengsø Vest Hansen
22948,Andreas 'anber' Brandt
23340,Silas 'g0op' Holmvig Skovgaard
22949,Andreas 'Sukker' Storgaard
22940,Emil 'Mol011' Sall Würtz
23937,William 'ReXx' Rex Mortensen
23936,Frederik 'Few' Mariendahl Pedersen
16551,Zhe 'Westmelon' Niu
20254,Lizhi 'Starry' Ye
16872,Peiqi 'flying' Song
18744,Sike 'z4kr' Zhang
22922,Junjie 'EmiliaQAQ' Tang
5615,Stepan 'brain' Sivoronov
21113,Mădălin-Andrei 'MoDo' Mirea
19044,Maciej 'F1KU' Miklas
20447,Nikita 'HeavyGod' Martynenko
20872,Bram 'Nexius' Campana
12781,Nils 'k1to' Gruhne
24092,Frederik 'Kragh' Kragh
20437,David 'Brillo' Lehrman
21844,Amir 'd0dy' Abidat
21843,Mehdi 'Ruskovvvv' Boutaba
21842,Karim 'raizo' Lakrioui
21845,Fethi 'SpykeNN' Benkortbi
21841,Zineddine 'Lambdacore' Touat
22419,Osama '0SAMAS' Orabi
22912,Omar 'Omar' Bekai
11858,Omar 'hunt3rr' Sami
23368,Mohammad 'NAKO' A. I. Qasrawitamimi
24088,Oday 'Odayy' Hussam
24030,Irina 'trigusha' Umnova
20170,Can 'kyuubii' Ali
24081,Paweł 'keis' Kosobudzki
20169,Tom 'skyye' Hagedorn
18156,Yevhenii '7oX1C' Motsevyi
22706,Ruslan 'yab0ku-' Kekot
17087,Dmytro 'Templ' Sryvkov
20506,Dmytro 'Wonderful_Y' Horkusha
20778,Oleksandr 'somnium' Suchok
23372,Kacper 'xKacpersky' Gabara
16811,Gareth 'MisteM' Ries
925,Andrey 'Xoma' Mironenko
22067,Kiki 'PiggyKiki' Long
22970,Daria 'daria' Anokhina
23508,Robin 'rbn' Bondari
23249,Florian 'FoG' Gloddek
15899,Łukasz 'azizz' Kałkowski
11287,Kacper 'darko' Ściera
22094,Josefine 'josefine' Jensen
23620,Isabella 'Ismo' Ferslev
7645,Aurora 'aurora' Lyngdal
13786,Anja 'anja' Soelberg
23621,Marie 'marie' Ellen Toft Sørensen
21849,Mayline-Joy 'ASTRA' Champliaud
22356,Rachel 'RacheLL' Kujawa
13550,Héjja 'kezziwow' Kászandrá
23436,Melissa 'meli' Aylin
22024,Yoana 'Joanana' Vlaykova
23052,Svetlana 'suns1de' Mevlid
22602,Justina 'Tynka' Ducká
23450,Alessandra 'amyb' Kolari
23449,Gabriela 'Gaba' Sienkiewicz
22606,Aleksandra 'Mrs_Fire' Król
21729,Paulina 'pavlla' Bucholc
18878,João 'righi' Righi
18963,Mateus 'supLexN1' Miranda
6593,Vinicios 'PKL' Coelho
8555,Aleksandar 'jayzaR' Zarkovic
13665,Armin 'Siz' Sukurica
23734,Philip 'king' Älgebrink
22464,August 'PG' Segerfeldt
7383,Caio 'zqkS' Fonseca
11213,Felipe 'delboNi' Delboni
21762,Cauã 'CSO' Staimbach
20553,Santiago 'relentless' Barchiesi
21914,Matias 'nasher' Muniz
21322,Zeyad '0scar' Al Rummani
18957,Yosef 'Ttyke' Abdullah
18223,Saad 'PokemoN' Ahmad
12466,Ahmed 'Ejram' Hayder
8394,Markus 'Kjaerbye' Kjærbye
20904,Davy 'ViTaL' Boulos
10449,Issa 'ISSAA' Murad
17675,Hussein 'm1N1' Hijazi
19224,Paul 'day0s' Niel
1055,Love 'havoK' Paras
17067,Fawaz 'varK' Alenzey
11419,Nawaf 'rooney' Alhababi
14353,Mohammed 'C4rlito' Ilyas
24095,Nikky 'nik' Chorny
18226,Anton 'Drobnyy' Drobny
23131,David 'WorldBreak3r' Konstantinov
23395,Danil 'PRA7' Lygovik
23132,Mykola 'LAYM' Shepelev
11140,Joshua 'INS' Potter
17384,Declan 'Vexite' Portelli
10588,Jay 'Liazz' Tregillgas
11139,Alistair 'aliStair' Johnston
9115,Christopher 'dexter' Nong
18736,Jordan 'pz' White
12588,Toby 'BRACE' Barnes
14294,Jared 'hazr' O'Bree
19906,Damon 'damyo' Portelli
20086,Christian 'ADDICT' Pendleton
18214,Corey 'nettik' Browne
18545,Tyson 'asap' Paterson
20527,Tynan 'TjP' Purtell
12877,Michael 'chelleos' Hawkins
12875,Sharvesh 'dangeR' Saravanan
20881,Kalan 'Sliimey' Lorenzo
9108,Tyler 'tucks' Reilly
19730,Maclane 'gump' Cross
20876,Joshua 'supar' Bundle
23007,Kristian 'pain' Isaac
24033,Roshan 'rocky' Pai
23230,Lucas 'lucas222' Dale
20017,Jeremy 'motion' Lloyd
18738,James 'Roflko' Lytras
20582,Antony 'Kiyo' Frilingos
12872,Tom 'apocdud' Henry
22580,Ronan 'TRIPLUS' Storay
14954,Cooper 'void' Farrell
20351,Jayden 'foggers' Graham
20754,Kobe 'Kobe' Doswell
24016,Michael 'Kras' Krasnoff
24017,Joshua 'Coppo' Coppo
24018,Matthew 'Blizz' Ibrahim
24019,Beau 'BoBo' Cooper
24020,Miguel 'mitzy' Tribo-Errazo
22990,Sam 'Samuukxs' Hensel
22331,Kailum 'KRAXYT' Brian Tucker
20529,Ming 'Mingovi' O'mallon
23597,Ryley 'Jynx' Linde
22989,Jayden 'Hassie' Hasse
14290,Jordan 'SkulL' Newland
22629,Jack 'Omichella' McLoughlin
20320,Aron 'N1ghtraid' Dang
20396,Braiden 'Drox' Webb
23346,Ethan 'vision ' Holst
23824,Jae '74LOR' Webb
23821,Travis 'Phek' Williams
21248,Alex 'harbor' Debney
22579,Elijah 'Rhyu' Phair
23825,Oliver 'vanillaicey' Marshall
20895,Jingxiang 'Mercury' Wang
19645,Yi 'JamYoung' Yang
8950,Andrew 'kaze' Khong
8600,Zhuo 'advent' Liang
24036,Dongrui 'zdr' Zhang
20702,Dongkai 'Jee' Ji
12956,Chinguun 'hasteka' Bayarmaa
9172,Hyun-Pyo 'XigN' Lee
19536,Yalalt 'yAmi' Oyunbileg
19537,Sodbileg 'cool4st' Batbaatar
9245,Tsog 'Tsogoo' Mashbat
16778,XueBing 'B1NGO' Dai
12490,Heng 'expro' Yang
21832,Chen '2x2x' Xu
24093,Kaiyuan 'Ky1ng' Li
22997,JianCong 'tutu' Wu
22443,Alexey 'ZinGY' Ignatovsky
23114,Vladislav 'Sange' Tsyuan
22410,Denis 'lame' Shepelyuk
22442,Semen 'Haski4' Tikhonov
23566,Zakhar 'AceX' Nelyubin
22449,Robert 'Aisu' Fadeev
22448,Sergey 'ameno' Elfimov
23644,Pyak '7nation' Gil En
22446,Egor 'Geneka' Ivasiro
24094,Don-Sok 'DeFFeN' Kim
21996,Muhammad 'marsyy' Sulaiman
14638,Grant 'klipp'  Hadiputra
16297,Aldi 'RiseN' Huang
23567,Troy 'Whis' Eymard Hermosura II
23363,Achmad 'neorah' Rismana Handachnie
9736,Bold 'ncl' Batsuh
13924,Sergelen 'H4wK' Jigjidsuren
17861,Jhonatan 'JOTA' Willian
22163,Ulric 'Misfit' Pereira
24089,Lucas 'Tatu' Santana
24090,Kelvin 'kln' Lállas
23393,Victor 'hug1' Hugo Costa
22566,Iago 'deemO' Henrique
23150,Santiago 'rzk' Pucheta
23780,Tobías 'castrz' Castro Flores
24091,Mateo 'dott1' Dotti
20689,Leandro 'Hezz' Barrios
7964,Casper 'cadiaN' Møller
8520,Keith 'NAF' Markovic
10394,Russel 'Twistzz' Van Dulken
18676,Felipe 'skullz' Medeiros
13915,Mareks 'YEKINDAR' Gaļinskis
8797,Jake 'Stewie2K' Yip
23100,Qihao 'C4LLM3SU3' Su
7938,Ismailcan 'XANTARES' Dörtkardeş
150,Engin 'MAJ3R' Küpeli
8575,Buğra 'Calyx' Arkın
21243,Ali 'Wicadia' Haydar Yalçın
8574,Özgür 'woxic' Eker
16947,Ilya 'Perfecto' Zalutskiy
16555,Sergey 'Ax1Le' Rykhtorov
8528,Abay 'HObbit' Khassenov
11840,Kirill 'Boombl4' Mikhailov
18790,Aleksandar 'CacaNito' Kjulukoski
17450,Ådne 'sense' Fredriksen
24096,Nikita 'mattloo' Vlasov
20505,Vadim 'rinji' Noskov
20933,Bogdan 'Bodik' Nastych
24097,Artem 'shiny' Boyarchuk
21838,Artem 'Litovka' Litovchenko
13618,Maoz 'BluePho3nix' Paz
16415,Anton 'supra' Tšernobai
23927,Gleb 'tried' Kholmogorov
16871,Kirill 'Gospadarov' Gospadarov
7594,Egor 'flamie' Vasilyev
14175,Eugene 'Aunkere' Karyat
334,Dauren 'AdreN' Kystaubayev
735,Mihail 'Dosia' Stolyarov
7378,Jonatan 'Devilwalk' Lundberg
8549,Konrad 'EXUS' Jeńczeń
21167,Danil 'donk' Kryshkovets
20423,Myroslav 'zont1x' Plakhotia
16920,Dmitry 'sh1ro' Sokolov
18317,Boris 'magixx' Vorobiev
7716,Leonid 'chopper' Vishnyakov
13666,Ludvig 'Brollan' Brolin
18072,Ádám 'torzsi' Torzsás
20312,Dorian 'xertioN' Berman
18850,Jimi 'Jimpphat' Salo
16820,Kamil 'siuhy' Szkaradek
17306,Abdul 'degster' Gasanov
9436,Guy 'NertZ' Iluz
12018,René 'TeSeS' Madsen
14148,Rasmus 'sjuush' Beck
19677,Damjan 'kyxsan' Stoilkovski
7398,Peter 'dupreeh' Rasmussen
19164,Álvaro 'SunPayus' García
9032,Emil 'Magisk' Reif
922,Marco 'Snappi' Pfeiffer
11777,Pavle 'Maden' Bošković
13776,Dzhami 'Jame' Ali
20101,Petr 'fame' Bolyshev
16612,David 'n0rb3r7' Danielyan
12732,Evgenii 'FL1T' Lebedev
8918,Denis 'electroNic' Sharipov
17214,Anastasia 'kr4sy' Khlobystina
18781,Ksenia 'Ksu' Volkova
10784,Alfred 'RuStY' Karlsson
16848,Olek 'hades' Miskiewicz
16080,Paweł 'dycha' Dycha
23268,Bogdan 'kdaN' Krkić
21816,Jack 'Gizmy' von Spreckelsen
21217,Gytis 'ryu' Glušauskas
16462,Sander 'Grus' Iversen
13148,Haakon 'Radifaction' Tholo
22688,Oleg 'baz' Kulynych
20422,Mykhailo 'OWNER' Lymar
22722,Alan 'yoom' Groot
21621,Qianhao 'Moseyuh' Chen
18152,Xielin 'k4Mi' Zhu
22441,Ivan 'qqGOD' Ivlev
22447,Roman 'mediocrity' Stetsenko
22411,Nikita 'uwrr' Smyshlyaev
22409,Oleg 'weqt2' Pranenko
22408,Arkadiy 'SALO_MUX' Balanda
18146,Magnai 'aNSeLMO' Natsagdorj
21397,Tuguldur 'Tugu' Otgonbayar
18150,Gereltod 'clouden' Jargal
24189,Ariunsanaa 'Holy_Sanaa' Gantugs
23833,Batzolboo 'sonqmad' Batsukh
22179,Bilegsaihan 'Veccil' Riina
21827,Tushig 'IMAGINE' Boldbaatar
13950,Munh-Undrah 'IZR' Hosbayr
23571,Avarzad 'viva' Ganbold
21828,Sergelen 'sergelen19k' Baldansaruul
23683,Stepan 'borosto' Antonov
24190,Anatoliy 'youka' Aprosimov
23681,Aleksandr 'forzetsky' Kravchenko
22982,Valerii 'aviva' Nikolaev
8953,Agung 'Sys' Frianto
23645,Kon 'WallneR' Roman
16705,Alexander 'Altekz' Givskov
14419,Fredrik 'roeJ' Jørgensen
14956,Will 'yourwombat' Allchin
24150,Damon 'cray' Smith
23006,Bailey 'Estate' Tobin
23349,Jaymes 'JiNxZiE' Fake
21854,Marvin 'Forleks' Tran
18111,Saxon 'kibstar' Monk
23826,Alex 'alecc' Mackechnie
16564,Ethan 'Crunchy' Laker
24076,Patryk 'doom' Madura
22582,Robbie 'Poccket' Storay
21376,Chuxiang 'bebest' Zhou
23962,Isaac 'Bumb1e' Wade
18737,Patrick 'Falcon' Desousa
11162,Jordan 'Hatz' Bajic
18749,Pere 'sausol' Solsona Saumell
20685,Ivan 'choiv7' Zivkovic
11217,Teodor 'SPELLAN' Nikolov
19283,Max 'PANIX' Hangebruch
14380,Ivan 'Patrick' Ivanov
24035,Lilith 'gadfly' Mize
21806,Paula 'paula' Ramanauskas
21732,Kelsie 'uhKelsie' Click
23521,Shelby 'Shelby' A.
24034,Alexandra 'ADK' Duquette Kistabish
23067,Milla 'MamaAlien' Schmidt
23072,Rose 'Tippy' Rolle
22110,Kristen 'PippySippy' Hendrickson
23291,Jayde 'jaydee' Slabosz
23975,Jlee 'JLee' Jay
23149,Shylite 'Shivanee' Johnson
23979,Tara-Lynn 'tbear' Prevost
23977,Jundiya 'Jundiya' Bug
23976,Vicky 'CANNIBAL' Rich
8635,Olya 'Knopk@' Horoshilova
20455,Natalie 'ashe' Betts
23068,Cynthia 'katalyyst' Sheerajin
23678,Riley 'lunari' Luna
23507,Cass 'tokkis' Dellinger
22891,Iuliia 'sckrafft' Gerasimova
21794,Jessica 'jesscas' Ngo
23980,Terry 'Bubzy' L.
23978,Angela 'angil' Helmstetler
21805,Tig 'Rice' Simpson
22839,Lucia 'lulitenz' Dubra
17291,Letícia 'Le' Lima
9241,Camila 'cAmyy' Natale
22233,Karina 'n4mie' Mazakina
21759,Camila 'armk4m' Armesto
23148,Brenda 'Brendinha' Tamy
21735,Juliana 'ujliana' Scaglioni
19142,Evelin 'chjna' Acuña
21761,Katiucia 'kati' da Cruz Godinho
23514,Dani 'Eleven' Alves Barbalho
23946,Sofia 'xan' Manhães
23063,Giovanna 'Cara de Banana' Cimetta
23970,Tamires 'tamizinha' Oliveira
21801,Giovanna 'yungher' Yungh Mataveli
17287,Lara 'goddess' Baceiredo
20503,Ana 'annaEX' Carolina Dias
21800,Nadjila 'poppins' Sanchez Rodrigues
20502,Julia 'julih' Gomes
17288,Izabella 'izaa' Galle
21219,Karina 'kaahSENSEI' Takahashi
16340,Bruna 'bizinha' Marvila
11872,Gabriela 'gabs' Freindorfer
21042,Marcella 'Cellax' Ferreira
23528,Ana 'croma' Vitória
21758,Samara 'Samys' Ferreira
23118,Eduarda 'dudi' Moreira
22634,Bruna 'brunakiller' Bonfati
23065,Victoria 'Vii' Da Cruz Pereira
22603,Luna 'ManeschijnX' Akkermans
23251,Anastasia 'Deylary' Pastukhova
22027,Samal 'miu_u' Begaliyeva
20457,Yelena 'Potya' Nepomnyachshaya
23045,Lucas 'lukiz' Rodrigues
20915,Lucas 'santos' Dos Santos
20794,Vladyslav 'leen' Stepanov
22035,Roman 'n0te' Hamze
17117,Roberts 'shield' Tipsis
20249,Sigurd 'buNNy' Fritzbøger
21650,Kyryl 'marat2k' Samsoniuk
17629,Marshall 'Jonesy' Jones
19485,Tori 'raynee' Gustafson
22395,Noah 'BomberZzZ' Cascio
22112,Stella 'Galy' Castro
19028,Andrew 'VulcaN' Dominguez
23830,Lucas 'LUKE4k' Mizumoto
17374,Adnan 'RsN' Nasir
21909,Timur 'keegaN' Guzairov
20345,Simon 'KWERTZZ' Horák
18800,Alvar 'consss' Rämman
21164,Lucas 'L00m1' Haukland
9078,Kristian 'k0nfig' Wienecke
8611,Patrick 'es3tag' Hansen
7592,Nicolai 'device' Reedtz
10994,Martin 'stavn' Lund
20304,Victor 'Staehr' Staehr
17956,Jakob 'jabbi' Nygaard
22635,Amirbek 'wetfy' Timurov
23084,Abdukadirov 'kanshineF' Ibrakhim
18989,Ruslan 'fr0k' Gizatov
23544,Artur 'hitori' Palyants
23228,Hamraliev 'hawachi' Hojiakbar
23229,Zokir 'BEASTOFEAST' Shermatov
742,Server 'CEKKA' Kerimov
22639,Yan 'uRuRuRkiN' Inyaev
22637,Oybek 'dark' Yusupov
11271,Owen 'smooya' Butterfield
13229,Ryan 'Snakes' Amann
9069,Noah 'Nifty' Francis
14496,Frankie 'Champ' Miranda
10892,Edgar 'MarKE' Maldonado
20418,Dans 'danss' Sils
13520,Calvin 'becker' Becker
16893,Bobby 'stamina' Eitrem
22549,Lane 'RiFT' Hardesty
7873,Rory 'dephh' Jackson
23375,Santiago 'X-23' Alvarez
20386,Israel 'LEARSI' Vargas
15229,Matthew 'nero' Seymour
14495,Damian 'EMIYA' Boulware
22243,Christopher 'aleph' Froden
15071,Timofey 'interz' Yakushin
9031,Valdemar 'valde' Bjørn Vangså
20090,Rasmus 'Zyphon' Nordfoss
13281,Aleksei 'El1an' Gusev
13980,Igor 'lollipop21k' Solodkov
19874,Svyatoslav 'MaSvAl' Masko
22643,Dmytro 'nifee' Tediashvili
12126,Valentin 'poizon' Vasilev
24080,Valerii 'L3rich' Kharitonov
21387,Erkhan 'gokushima' Bagynanov
17504,Kamil 'KEi' Pietkun
4829,Wiktor 'mynio' Kruk
19173,Mihai 'fNk' Costache
9291,Kristaps 'krii' Bricis
19084,Norbert 'msN' Török
15983,Ermek 'enzero' Kartanbaev
21930,Aleksi 'millert' Lehtopuu
21272,Vilius 'tAk' Keserauskas
20244,James 'SaVage' Savage
921,Danny 'BERRY' Krüger
20052,Egerti 'eku' Kiisk
21124,Enri 'xezr' Jõgi
7910,Kristjan 'fejtZ' Allsaar
13602,Nico 'nicoodoz' Tamjidi
21452,Vladyslav 'Kvem' Korol
17008,Alexey 'Topa' Topchienko
7356,Michał 'MICHU' Müller
11498,Aleksei 'NickelBack' Trofimov
23345,Joshua 'dpr' Henderson-Smith
19732,Reily 'versa' Dundas
17392,Daniel 'rekonz' Mort
20236,Blade 'nexar' Garrick
19191,Matt 'mizzy' Webster
23898,Luis 'MONSTRAOOO' Carbinato
23897,Leandro 'shn' Shinzato
23896,Pedro 'Dronerin' Alves Mussi
23900,Douglas 'RMZER4' Diogenes
23899,Thiago 'Level' Fiasqui Bom
11847,Matthew 'Texta' O'Rourke
12876,Ollie 'DickStacy' Tierney
12760,Willem 'badger' Clarke
14292,Steven 'stevie' Nguyen
11846,Mitchell 'mswag' Pritchard
12086,Hugh 'HUGH' Anderson
624,Mark 'deStiny' Kagan
10587,Jesse 'InfrequeNt' Barker
9676,Nikhil 'NikkeZ' Victor
627,Gareth 'gazR' Lynn
625,Fergus 'ferg' Stephenson
13054,Charlie 'zeph' Dodd
23342,James 'helix' Sawyer
11774,Matthew 'SWANKY' McDonald
12573,Tyson 'pan1K' Missak
21293,Tsz 'sunshinez' Yu Song
23823,Dmytro 'sivart' Bulhakov
23822,Wenya 'ws' Shi
23627,Constantinos 'constantinos' Christoforatos
12080,Mitchell 'Sync' Dale
22140,Luiz 'souz4h' de Souza
19686,Vinicius 'n1ssim' Pereira
17225,Victor 'vLa' Luiz
20521,Alisson 'Alisson' Farias
22308,Kevin 'KvNs' Saulle
21222,Guillermo 'guishu' Carrique
20759,João Vitor 'pigo' Delfino
21699,Leonardo 'n9xtz' Santos
21085,Cristiano 'antonini' Antonini
2529,Pedro 'Maluk3' Campos
10827,Matheus 'prt' Scuvero
10810,Filipe 'fp1' Caires
23829,Machado
21919,Bruno 'bks' Kyu
23828,Bruno 'sanc' Musa
23827,Fabio 'bin96' Augusto
21317,João 'watts' Watts
15349,Marcus 'maNkz' Kjeldsen
16546,David 'cynic' Polster
8521,Damian 'daps' Steele
13013,Dave 'seziwana' Schrage
21492,Bryan 'Marro' Valles Valenzuela
16685,Zander 'FIEND' Bates
21812,Will 'yoda' Crittenden
23904,Jacob 'nedg' Niedzielski
23905,Amir 'Gun Wounds' Parsi
23903,Karrington 'GreatnessMONSTA' Johnson
19177,Kevin 'consti' Yi
18761,Wesley 'viz' Harris
20785,Benjamin 'niise' Mauldin
23672,Dylan 'DYLAN' Frivalt
17467,Noah 'NoVa' Vaknin
20278,Paulo 'short' Ballardini
23675,Evan 'Evan' Cawthorn
23848,Niko 'skorpaN' Voules
18729,Jake 'lect' Carreno
23674,Pishoy 'den1ed' M.
23390,Casey 'chigen' Glerb
21643,Steve 'BabyRage' Vilca
22920,Enmanuel 'SJR' Villar
11532,Antonio 'zockie' Montañez
23673,Rodrigo 'Antuanette' Armando
19889,Jesus 'Knight' Rosales Ruiz
22950,Emil 'sL1m3' Stolz
5388,Karol 'rallen' Rodowicz
19015,Aurimas 'Bymas' Pipiras
14548,Armandas 'maty' Kneita
15200,Majski 'darien' Botica
19674,Marko 'Maki' Mijatović
11719,Roko 'rbfurious' Barišić
23652,Alexei 'zeins' Aleksandrowich
23901,Simon 'simon' Zikov
20968,Caner 'soulfly' Kesici
19821,Alexey 'znxxX' Zlotkovskiy
23589,Maksym 'Magic' Melnychuk
22563,David 'fnl' Mușuroiu
11630,Johnny 'JT' Theodosiou
8738,Jonathan 'EliGE' Jablonowski
13578,Michael 'Grim' Wince
12713,Ricky 'floppy' Kemery
12840,Håkon 'hallzerk' Fjærli
19919,Angus 'guag' Lloyd
19190,Benson 'Liki' Niuila
23737,Gabriel 'Misterio' Danusevič
23738,Nojus 'OniX' Venskus
14184,Vilius 'krea6on' Malinauskas
23392,Kate 'Kate' Toth
20630,Silas 'silas' Marrufo
16647,Brendan 'Bwills' Williams
22021,Thomas 'FAME' Barbeau
23726,sOjRc1erh
19667,Simon 'nomiss' Palm Niléhn
14316,Hugo 'zen' Lindhqvist
17769,Elias 'Twinkey' Kjellander-Dehman
20375,Victor 'virree' Bäckström
22861,Jesper 'Jibe' Håkansson
22060,Jonathan 'delle' Ahlstedt
21013,Herman '1Knas' Hattevig
20877,Timothy 'tvs' Sjöberg
22756,Oskar 'treckiz' Karlsson
14120,Hugo 'HugoXD' Hallgren
8618,Marcus 'makkeP' Persson
15713,Carl-Johan 'KALLE' Fisk
16814,Daniel 'danoco' Morgado
17866,Matias 'PREDI' Prediger
20011,Marcos 'bichop' Bianchi
12074,Genaro 'restikk' Hokama
10499,Jonathan 'JonY BoY' Muñoz
20606,Roy 'roy' Salaverry
10508,Nabil 'nbl' Aleua
15688,Mariano 'MRN1' Santa Maria
10506,Matias 'tutehen' Canale
21361,Renat 'hurtslxrd' Saparov
23468,Vladimir 'ResoLuxe' Kihaioglo
23741,Daniel 'doobs' Gurarslan
22907,Julius 'Julle' Dahl
22380,Oliwer 'bsover' Ekbäck
23742,Leon 'Leon1das' Andersson Tönners
18769,Martin 'agoz' Sätherström
20494,Allan 'Speedy' Sørensen
23619,Harshvardhan 'Nox' Nangare
23327,Elvis 'ELV1S' Eric
23618,Suraj 'ghostxD' Singh
23617,Vasu 'Catastr0phE ' Raghuvanshi
23325,Yash 'Benzene' Kumar Singh
23729,Shiladitya 'ZappeR' Nayak
23732,Akshat 'Iron' Kalra
23733,Kinshuk 'k1nSh0t' Priyank
23731,Yash 'DragonFX' Rajput
23730,Shishir 'ole' Shekhar
19167,Cristi 'smekk-' Flutur
20281,Wojciech 'darchevile' Klęba
23668,Meytar 'AMSALEM' Amsalem
23532,Doron 'Zax1e' Prizent
20246,Kacper 'gRuChA' Gruszeczka
20975,Enes 'colorzz' Yıldıran
22504,Tunahan 'scolleN' Coşkun
20264,Ahmet 'cyber' Akpınar
21023,Emrecan 'EMSTAR' Çalışkan
16861,Denis 'swicher' Baranov
23717,Daniel 'Spion' Schlagberger
22470,Samet 'SnacKZ1' Hosel
14007,Filip 'tudsoN' Tudev
23718,Ēvalds 'sniegs' Sniegs
21268,Rinalds 'Electrix' Osmanis
10453,Aksels 'Akward' Supe
23724,Kristaps 'El3eee' Veinbergs
21269,Ernests 'erners' Matisons
20002,Mārtiņš 'Labreenc' Labrencis
11889,Dairis 'Warden' Rupainis
23720,Andrejs 'HexoQ' Nadeikins
23721,Nikijs 'nisker' Riekstiņš
13179,Jeff 'RZU' Ngo
22746,Owen 'SummY' Mustard
16318,Brandon 'bew' Roberts
20215,Umar 'Umar' Qaiser
22090,Emerson 'R2D2J' L.
23159,Nikita 'TABEN' Holovachov
23160,Ruslan 'Rulik' Tkhoryk
23086,Andrey 'S0ph3R' Afanasyev
23398,Dmitrii 'NIGHT666LADE' Botirov
23161,Andrey 'HorizoN' Charykov
19895,Austin 'AJaxz' Janocha
17273,Ahmad 'artze' Mohamed Safrani
10667,Yousif 'h1x' Abdelsattar
20771,Mohammed 'tr1' Adel
14955,Stefan 'Lacore' Paunovic
14335,Aly 'Aly67' Hassan
23538,Adam 'HopeDaBeast' Kaddoura
23537,Butti 'ba6oooy' Almheiri
23376,Cole 'twigs' Morad
21419,Deven 'Reaper' Cruthers
21093,Josh 'sava9e' Lundquist
21882,Adam 'nbgee12' Zanzoul
20513,Drew 'Drewtheshrew' Lamb
21670,James 'Gonzo' Madden
20514,Kaid 'bootylord' Miller
21147,Noah 'flixxy' French
23712,Tianyi 'kajohnray' Tan
23713,Zachary 'P3nny' Brazelton
21401,Nick 'blessA' Bryant
22545,Dustin 'BATSPEED' Haberstumpf
18437,James 'Jachro' Brooks
23710,Sean 'SEAN' Mehaffy
23709,William 'navy' Blazer
22068,Austin 'mesamiduck' Dardar
23699,Viggo 'zorban' Silén
23702,Erik 'ENTY420' Inkerd
23701,Jakob 'JDen' Dahlkar
23700,Bastian 'Preztor' Gustafsson Prestor
23703,Elias 'Restrict' Söderberg
21530,Guillermo 'GOYO007' Castilla
21081,Javier 'Ag3NtK' Pedrajas Mendoza
15744,Miguel 'Ar4gorN' Marrufo
21079,Rafael 'Rafex78 ' Pedrajas Mendoza
10004,Alfredo 'enanoks' Alvarez
10330,Frederik 'acoR' Gyldstrand
15117,Nicolas 'Keoz' Dgus
11893,Mathieu 'ZywOo' Herbaut
16693,Shahar 'flameZ' Shushan
18221,Lotan 'Spinx' Giladi
18462,William 'mezii' Merriman
16717,Alexander 'br0' Bro
18519,Kaitlin 'Keiti' Boop
17044,Sam 'Noxio' Goodwin
13326,Julie 'Bouchard' Bouchard
20330,Justin 'jsfeltner' Feltner
23163,Liubomyr 'dantemoren' Koval
20945,Piotr 'Frontsiderr' Moś
23297,Piotr 'PeTeRoOo' Barcik
20686,Kamil 'suonko' Węgrzynkiewicz
18069,Bartosz 'baljs' Mikołajewicz
7499,Timo 'Spiidi' Richter
20662,Arbnor 'arbnorz' Sadiku
21523,Matthieu 'Razzmo' Mellot
16349,Brian 'xReal' Sapin
20983,Marc 'MRC9' Philipp	Jarke
23078,Linas 'fierre' Žilinskis
21216,Ernestas 'yakuza' Veržinskis
8570,Dominik 'GruBy' Swiderski
22013,Mateusz 'asran' Niewiatowski
22554,Michał 'Mride' Idzikowski
11654,Almaz 'almazer' Asadullin
23684,Karim 'relaxxie' Miftakhov
23688,Nikita 'Aliot' Kovalev
23686,Danila 'kashl1d' Dronov
23687,Valeriy 'Muk0s' Mukovnin
19207,Einārs 'EIZA' Zarāns
12339,Joel 'TORITO' Rios Manrique
20815,Andrew 'Wolfie' Allan
20359,Ryan 'dox' Young
22190,Lukas 'luccs' Zdanavičius
22519,Matthew 'moz' Gelder
21818,Josh 'JAUSTERE' Philpott
20655,Reegan 'ReegaN' Ward
22515,Daniel 'papp' Hart
19844,Xinni 'XiaoWu' Wu
11215,Olga 'Olga' Rodrigues
10743,SinMan 'Hazel' Fong
15964,Ramona 'gfi' Azween Binti Zaharuddin
15396,DongMei 'KARMY' Fang
11944,Matheus 'KAOS' Nicolau
22422,Pedro 'zock9' Muzzio
22141,Thiago 'heartless' Ferreira
21007,Pedro 'ph1' Henrique
22420,Vitor 'pooldolsk' Araujo
11485,Liam 'malta' Schembri
23348,Jack 'PearL' Martin
16321,Jy 'end[R]' Supple
23669,Gerard 'Supers' Ostini
19658,Mike 'hudzM' Hudson
1225,Richard 'shox' Papillon
7169,Cédric 'RpK' Guipouy
8101,Sebastien 'KRL' Perez
19345,Abed 'Dodal' Mohtar
13612,Husain 'Empera' Chehab
23676,Nelsn 'sOSEIREy' Dhotel
23677,Tom 'Myzunic' Pluot
18991,Dias 'Gilzera' Ryskulov
23665,Zhanibek 'R3LiFwOw' Kuatov
23666,Mukhanbek 'Goodlikee' Dias
23667,Alikhan 'ner' Zheniskali
16384,Diyar 'spellfull' Issakhanov
22536,Alemkhan 'mag1k3Y' Moldakamalov
17793,Algat 'smiley' Abdul
23304,Gani 'Maison' Kelgenbay
21695,Zhandos 'plushax' Akatayev
13193,Tomas 'Prochas' Prochorenko
9363,Miks 'Independent' Siliņš
16619,Krists 'msn' Kalniņš
11890,Reinis 'hyskeee' Grīnbergs
8746,James 'James' Quinn
9097,Razmik 'RaZ' Bastadjan
17934,Kyson 'kyson' Faulkner-Dimond
11521,Sam 'jokes' Molan
11492,Alec 'Noisia' Gulabovski
17231,Carlos 'Rackem' Jefferys
23565,Ronan 'Bones' Cooper Trow
20237,Jarrod 'streaty' Streatfeild
22627,Matthew 'MSK' Durzi
22584,Alexander 'Reapz' Dummett
16031,David 'cheeseball' Shiell
19831,Rodrigo 'proSHOW' Guluzian
13290,Brunno 'Demonos' Nóbrega
14011,Raul 'r4ul' Bruzaca
7382,Lucas 'steel' Lopes
2531,Fillipe 'bt0' Moreno
8095,Philip 'aizy' Aistrup
21774,David 'Inspire' Rasmussen
7414,Danni 'smF' Dyg
21265,Rafał 'sNx' Snopek
8789,Nikolay 'mir' Bityukov
20408,Kevin 'pupcake' Henning
20716,Tobias 'berzerk' Bertelsen
16741,Marcus 'Q-Q' Krolak-Henriksen
23664,Arsen 'lav' Sansyzbay
23540,Ismail 'ismailz' Raufov
23326,Prateek 'DiceDealer' Saini
12887,Maxim 'Kre1N' Terekhov
19117,Manuel 'Orbit' Sailer
12736,Nikita 'Twiksar' Bulygin
20068,Samy 'Tionix' von Gehlen
20500,Enrico 'DreaM' Wolf
19107,Efekan 'S3NSEY' Topaloglu
21297,Marin 'ROGA' Rogić
19230,Ilya 'm0NESY' Osipov
9618,Nemanja 'nexa' Isaković
3972,Nemanja 'huNter-' Kovač
3741,Nikola 'NiKo' Kovač
10096,Rasmus 'HooXi' Nielsen
16323,Matthew 'Valiance' Hartrick
20828,Vladyslav 'leri511' Dryha
22703,Bartosz 'moonwalk' Mikołajczyk
22383,Jakub 'jcobbb' Pietruszewski
18119,Serdar 'cerber' Mahmuti
18581,Dejan 'Katalic' Koprivica
14244,Andrija 'andr1x' Ljubić
12379,Aleksa 'Impulse' Stankić
18469,Nemanja 'sarenii' Šarenac
3732,Dimitrije 'DiMKE' Veljković
23662,Dragan 'gagi' Ilić
19783,Safet 'gi' Čurić
16130,Vukašin 'serda' Tričković
19501,Andrej 'fanatic' Bradjan
23663,Mario 'bubazwer' Janković
21200,Mykhailo 'm1she4ka' Sakach
20334,Dmytro 't0kk' Petrenchuk
20475,Roman 'neiter' Brul
21371,Slaven 'AwaykeN' Lyubenov
20190,Arkadiusz 'ifan' Dabkowski
13298,Alexander 'AlekS' Andersson
11210,Noel 'melonhead' Raki
5373,Jerry 'xelos' Råberg
7527,Jacob 'pyth' Mourujärvi
14526,Jonas 'hemzk9' Rantamäki
13131,Edvard 'EddezeNNN' Heimisson
12793,Þorsteinn 'TH0R' Friðfinnsson
23119,Ásmundur 'PANDAZ' Viggósson
13457,Stefán 'stebbiC0C0' Guðjónsson
23120,Elvar 'RavlE ' Orri Arnarsson
12791,Kristófer 'ADHD' Kristjánsson
22772,Daníel 'DOM' Örn Melstað
12879,Bergur 'Tight' Jóhannsson
19105,Böðvar 'Zolo' Breki Guðmundsson
22773,Alastair 'xZeRq' Kristinn Rendall
23660,Arseniy 'KxtsnE' Khachkov
23290,Danil 'Teygu' Tsyngalov
22636,Kim 'aokiflame' Timofey
20827,José 'Linko' Duro
23480,Miguel 'M1KA' Moreira
23141,João 'seabraez' Seabra
23053,Mirte 'Moraltis' Horemans
21751,Nika 'space' Burnadze
21280,Giorgi 'chujoi' Koshadze
21282,Saba 'sMax' Makharadze
21283,Irakli 'Ika' Janelidze
22939,Levan 'Vendo' Aniashvili
23658,Nika 'Garsena' Garsenishvili
23656,Saba 'russellitoo' Berianidze
23659,Temo 'kawaii' Mumladze
23657,Giorgi 'Cholo' Cholokava
23655,Tsotne 'Nerr0' Kobaidze
21799,Nataly 'nani' do Nascimento Cavalcante
14780,Gustavo 'tge' Motta
12733,Bogdan 'xsepower' Chernikov
19786,Filip 'DEPRESHN' Jarkić
20109,Piotr 'blacktear5' Kasiński
14684,Grzegorz 'jedqr' Jędras
20157,Lucas 'lub' Baracat
22073,Vitaly 'L1GH7n1nG' Lyubarets
20381,Kujtim 'gulito' Durmishi
23558,Gonçalo 'akuma' Freitas
21018,Pedro 'Log1cz' Pinto
21017,Miguel 'Didjey' Rodrigues
23654,André 'bayon' Alves
13569,Vojtěch 'Valencio' Mydlář
14217,Hannes 'hns' Johansson
13718,Thomas 'birdfromsky' Due-Frederiksen
12809,Lukáš 'luko' Hrabčík
12614,Tomáš 'zyored' Cvaniga
11412,Matěj 'twist' Petráš
7749,Richard 'queztone' Strnátko
17641,Martin 'zur1s' Sláma
18798,Petr 'HoLLy' Kučera
16969,Tomáš 'Mix' Bilík
14389,Patrik 'Lastík' Ptáček
23573,Niko 'semtex'  Reljić
13998,Martin 'MAXX' Smolár
22843,Roman 'dreez' Čomor
23625,Ivan 'v4NO' Galustyan
23201,Lukáš 'luke' Vánský
23315,Boris 'BORO' Janoš
14965,Tomáš 'SYSTEM' Zemko
16435,Lukáš 'capseN' Koláčný
15107,Michal 'leckr' Kadlíček
23653,Cooper 'coops' Taylor
18351,Brad 'cl0ver' Robinson
16281,Dalton 'swede' Vinar
14329,James 'ObZen' Levy
18346,Callum 'callum_murray' Hardy
16228,Thomas 'toM' Hogan
11790,Michael 'MC' Campagna
20937,Cody 'nauh' Huang
18347,Nat 'shaw' Brawley
20554,Kaylyn 'kayoh' Tran
20238,Eddie 'viridian' Azzi
22597,Alex 'Lexon' Royal
23626,Justin 'bizkit' Foster
19270,Tamerlan 'k4sl-' Geraev
22235,Katharina 'coldizinha' Pedra
23438,Karyna 'v1spel' Sytnyk
23622,Alina 'takioka' Babchuk
23623,Anna 'Tw1ksee' Vorobiova
9984,Halat 'Missy' Naby
18677,Yousra 'Emerald' Bernardone
22406,Adriana 'yuN' Barbosa
19132,Anil 'Lucia' Kumar
23423,Anirudh 'ChAmP' Aurange
9298,Erik 'truth' Hansen Dyrnes
18685,Jonatan 'ruyter' Ruyter
14602,Ole 'Marcelious' Kristian Langan
21580,Sindre 'thomass1' Thomassen
22058,Tobias 'Zypno' Lillestøl
18807,Eskil 'LaX' Bjørnsen
19538,Telmen 'MagnumZ' Khurelkhuu
22520,William 'Wiiam' O'Shea
23605,Igor 'Igorek' Kochany
21341,Oscar 'LVN' Levin
23606,Sid 'Xyrein' Levin
23608,Xuchen 'Kisynergy' Duan
23609,Ruitao 'xrts1mple' Xiao
23611,Jihang 'Wh1mzzz' Wu
23612,Jiahao 'SundanceK1d' Yang
23610,Sennan 'Harborboy' Huang
18990,Temirlan 'TNDKingg' Nurmagamet
23598,Nursultan 'noni' Nyshanbek
10598,Aldiyar 'aldikk' Sembiev
21693,Aziz 'D1sastrouS' Itakhunov
10052,Bektiyar 'fitch' Bahytov
23602,Ansar 'ri0dayungog' Janzakov
23604,Adil 'Arima' Bisenov
23603,Islam 'isvomp1e' Serik
20734,Youssef 'juissi' Adam
22472,Tomasz 'freo' Wolski
20364,Mateusz 'n0tice' Wolniak
23168,Nikodem 'Majster' Gulmantowicz
18125,Aleksi 'zks' Nissinen
15108,Dominik 'desty' Černý
22007,Miłosz 'sh3nanigan' Klimczak
15901,Karol 'Enzo' Lasota
21394,Ryan 'BaN4na' Ng
9094,Nathan 'exe' Stanmore
22710,Marcel 'bestch' Križan
7384,Rafael 'zakk' Fernandes
23587,João 'Ltz' Bonetti
19306,Victor 'puni' Marques
21373,Paulo 'agR' Costa
17130,Elitom 'TEKO' Lourenço
23588,Nicolas 'n1cks' Paixão
23586,Lucas 'kenznk' Nakayama
23585,Gabriel 's1cko' Becker Schabbach
17313,Egor 'fearfox' Levichev
21345,Mitko 'hybrid' Kostov
22513,Velizar 'Libido' Velikov
20380,Theis 'J3nsyy' Jensen
19086,Matias 'pavv' Pavón
21286,Matheus 'mlhzin' Marçola
17215,Pedro 'bobz' Rocha
20059,Guilherme 'texxas' Mayworm
14759,Mihai 'iM' Ivan
19206,Justinas 'jL' Lekavicius
20127,Ihor 'w0nderful' Zhdanov
18987,Valeriy 'b1t' Vakhovskiy
9816,Aleksi 'Aleksib' Virolainen
18053,Helvijs 'broky' Saukants
9960,David 'frozen' Čerňanský
11816,Robin 'ropz' Kool
8183,Håvard 'rain' Nygaard
429,Finn 'karrigan' Andersen
161,Wiktor 'TaZ' Wojtas
7264,Niclas 'enkay J' Krumhorn
13567,Dominik 'Blogg1s' Janita
10722,Yi 'gas' Ding
16768,Liu 'lan' Qi
11574,Peng 'xiaosaGe' Song
5187,Ke 'captainMo' Liu
7026,Hui 'DD' Wu
12958,Yue 'AE' Yu
14561,YuChao '18yM' Liu
23596,JiaZhi 'expSasiKi' Cai
21046,YingCai 'Gin' Zhao
23595,Ran 'chuzhongT' Song
20896,Keru 'salmon' Chen
18154,HaoWen 'xziii' Yang
23594,YuHua 'ZyNova' Zeng
23590,Chi 'PAN1K' Pan
23591,YuYuan 'Karpyy' Li
23592,HanLin 'Joe.XIV' Qiao
23593,Chen 'YellowpandaYC' Ye
20808,Junbing 'Tiger' Zhen
20258,Qingsong 'SPine' Long
15317,Adam 'discoStar' Zyśk
29,Patrik 'f0rest' Lindberg
18187,Sebastian 'Gooden' Palacios
16067,Martin 'rox' Molina
16973,Sergio 'Yokowow' Mojica
15221,Agustin 'peqexino' Cáceres
17359,Ignacio 'elemeNt' Lagos
23424,Aryan 'Robben' Rai
23421,Rithik 'ReApErMonstaa' Rai
23431,Vaibhav 'WolFy' Jain
23584,Shekhar 'JOY' Sahebrao  Kawade
23583,Sumit 'Nasty' Shenkar
23432,Akshad 'DestroyeR' Satkar
23433,Sahitya 'Thunder' Birla
23581,Tejas 'SeeK' Agarwal
23579,Rohit 'brock' Singh
23578,Sohan 'KillSwiTcH' Beela
23580,Varenya 'vrenyy' Gupta
21112,Dardan 'Dardi' Ismajli
23575,Dion 'Piqito' Kunushevci
23574,Edon 'edo' Karaxhiu
22205,Lis 'fenrir' Hulaj
22199,Diart 'Lewis' Zhushi
21111,Kujtim 'kujtaa' Rexhepi
22669,Pjeter 'Gega2k' Gega
2757,Ladislav 'GuardiaN' Kovács
885,Olof 'olofmeister' Kajbjer
39,Christopher 'GeT_RiGhT' Alesund
7148,Adam 'friberg' Friberg
7167,Kenny 'kennyS' Schrub
2154,Sergey 'hally' Shavaev
736,Alexey 'OverDrive' Birukov
23646,Alexey 'M4G1C' Romanov
23649,Khanh 'Pikalee' Cao Tuan
23651,Truong-Minh 'pms' Pham
23650,Thang 'Shu'  Dinh Manh
23647,Nhat-Minh 'Lyme' Dang Quoc
23648,Hoang-Son 'Soncam_1603' Ha Huy
22247,Dylan 'DacS' Chaffin
22248,Dan 'dirtydan' Beck
23632,Lucas 'fatguy' Muncy
23630,Rheal 'True Redux' Dutiaume
23631,Cole 'coley' Anderson
23133,Vitalii 'V1' Zholdak
22647,Heorgii 'Jad0R1x' Moskalenko
23351,Oleksandr 'Esphirion' Laptiev
20781,Evgenij 'munch' Lutchenko
20424,Mykyta 'Hkta' Reva
23642,Artem 'Flierax' Khioara
21528,Bilgihan 'Depact' Ayaz
23640,Nikita 'Shed0Z' Salimov
22981,Dmitry 'n1ckey' Tsepilov
20927,Dmitriy 'rckN' Gafiullin
23641,Alexander 'MeuZ' Anisimov
23639,Egor 'HeaveN' Kovalev
23638,Alexey '7tetsu' Divin
23634,Danil 'mo5kow' Moskovchenko
23637,Vladimir 'b1st' Krasikov
5738,Henrique 'rikz' Waku
11733,Bruno 'BRNZ1K' Custodio de Mendonça
17314,Tim 'spuffy' Thunberg
22906,Daniel 'drn' Cruz
23559,Guilherme 'snowiee' Martins
7388,Aitor 'SOKER' Fernández
17193,Eloy 'deLonge' Suárez
21075,Ezequiel 'Ezetapsss' Robaina Betancor
23482,Daniel 'tuxa' Esteves
23557,Pedro 'devineez' Gonçalves
21988,Tiago 'opdust' Simão
23556,Bruno 'HS' Sousa
20748,Tiago 'SYDOX' Fonseca
16870,Dmitriy 'ProbLeM' Martinov
11926,Aleksandr 'mds' Rubets
21706,Dmitriy 'fen2k' Gladskikh
12241,Vladislav 'Flash_1' Bykov
22459,Maksim 'sh1nejezzz' Vinogradov
23008,YuTian 'Naomit' Xu
19103,Aisya 'Argent' Sabrina
13702,Jessica 'ARTeMis' Majrouh
15866,Hope 'epoh' Kure
15865,Connie 'konii' Ko
23560,Kiarah 'soko' Lyn
23460,Hannah 'hdizz' Margaret Dadswell
21700,Bruno 'brn$' de Araújo
17341,Leonardo 'msr' Caixeta
19275,Lucas 'lealziNho' Leal
20027,Gabriel 'suNday' Thomaz
20383,Kauan 'kNc' Cerato
22368,Max 'max' Borges
16679,Marcello 'tkl' Fernandes
20621,Nikita 'nitzie' Prokhorov
21446,Aleksandr 'casE' Kornilov
18509,Timur 't1murj4N' Kutushev
12025,Bogdan 'bodyaN' Goncharov
22465,Alexander 'Maloy24' Pervukhin
21989,Gleb 'sToRm' Zertsalov
19734,Kirill 'MoWeL' Loginov
23547,Dmitry 'NinjaStyle1331' Lukin
23546,Dmitry 'S1non' Vasenin
23548,Nikita 'z1gazaga' Chernogil
23545,Roland 'RaY5ive' Siminejev
21273,Richard 'r1ch' Janson
16847,Miłosz 'mhL' Knasiak
19763,Mohammad 'BOROS' Malhas
21781,Simon 'ReuS' Matei
8647,Guillaume 'XpG' Veron
21390,Mathieu 'AntoN' Derivaz
19737,Fabien 'reCALEEEED' Poncet
19868,Bruno 'muSh' Barahona
18898,Topi 'LYNXi' Kauppi
19092,Abiseck 'zed' Baskaran
17766,Nikola 'n1kista' Stankovic
15628,Meriton 'MALI' Ibrahimi
17744,Mathias 'SaufS' Wenger
15629,Aleksandar 'eleKz' Trajkov
21568,Dominik 'Firelegends' Burri
21616,Marko 'Birb' Kozarevic
20844,Lukas 'NNirmo' Süess
17763,Nick 'ToreQ' Fadalti
20848,Ives 'Ferox' Brunner
19989,Fabio 'fbz' Sousa
22371,Guilherme 'levi' Gustavo
22367,Thiago 'rosseti' Rosseti
19962,Daniil 'Re1GN' Chekanin
11332,João 'horvy' Horvath
14505,Luke 'ekul' Blakey
22577,Fenglin 'dcey' Cai
22775,Cheng 'xc' Xing
23533,Zeyuan 'An' Li
23535,Fanxuan 'lfx539' Liu
22973,Rundong 'Kvvvin' Gao
18499,Joe 'Plam' Plamenac
20551,Ryan 'ryza' White
2007,Mike 'ap0c' Aliferis
22972,Weiheng 'kasze' Lin
23534,Yang 'oNew' Zhu
21150,Kian 'Triton' Gibson
18882,Wiljahne 'wilj' Smith
14904,Aaron 'SloWye' van der Walt
17371,Marchahn 'march' Smith
18883,Johnathan 'Doru' Fox
10611,Rhys 'Fadey' Armstrong
11629,Rieghardt 'flexeeee' Romatzki
13557,Josh 'bLazE' Saunders
20840,Michael 'FROZ3N' van der Walt
23173,Dustin 'RustyYG' Peacock
19547,Tristan 'tristanxa' Fuller
18885,Shannon 'aw3some' Corran
22489,Adam 'slash' Schultz
20910,Aidan 'exe' Vorster
21151,Robert 'uDEADSHOT' Butler
23176,Ruan 'Puppyy' Roux
18922,Steven 'melkies' Piek
23175,Jan 'bam' Lochner
20819,Kurt 'Fallz' Pluddemann
23177,Bradley 'lord' Pretorius
23059,Lisa 'lisa' Nguyen
13324,Kiara 'm1lky' Makua
22096,Tilde '7licious' Byström
21734,Luana 'Arkynha' Archanjo
21723,William 'spek' Smith
22152,Dongfeng 'Project90' Liu
18839,Josh 'pwny' VanGorder
19887,Max 'Makzwell' Sparrey
23529,Adelina 'turboxgirl' Turbo
23439,Vladislava 'c0ldhurt' Vorona
23441,Veronika 'metori' Masalova
20411,Zeid 'zeak' Gaatur
16734,Dennis 'dZ' Zetterlund
17768,Henric 'hechtikal' Ohlund
23146,Mads 'DEBRE' Ryttersgaard Stabel
23527,Magnus 'Kell3r' Keller
11105,Kasper 'Kaspara' Mikkelsen
21380,Oliver 'oJay' Damm Jensen
23526,Hector 'Rollo' From Petersen
23456,Bilegsaikhan 'Breakk' Erdenesaikhan
23568,Kean 'Zumss' Elkins Salcedo
23570,Droide 'Zen' Julve
21994,Gener 'Jaytzy'  Sison Nicdao Jr
23569,Gilbert 'KirariEZ' Lacson Jr
23572,Konstantin 'Reminder' Naumchuk
14109,Zack 'XotiC' Elshani
22349,Xavier 'Locke' Barth
22137,Tommy 'corn' Eckhart
21241,Mohamed 'Penguin' Algadir
23184,Armandas 'RAFEOL' Dubikaltis
20209,Tormi '1nstah' Tasane
11747,Jhonatan 'jnt' Silva
12094,Gabriel '1962' Sinopoli
23791,Natanael 'archy' Luiz
23789,Eduardo 'dudinhO' Arcoverde
23790,Otávio 't9mpest' Cardoso
23793,Henrique 'nv1n' Cabral Bastos
23792,Vitor 'sigma ' Hugo Pinho Esper Silveira
23784,Eduardo 'duzzy' Martins Souza
23785,Matheus 'pac' Bilia
23787,Márcio 'mrcn' Ribeiro Gomes
23786,Luiz 'Tineu' Tineu
23788,Nikolas 'spider' Isler Da Costa
23758,Gabriel 'drummond' Drummond
23778,Lorenzo 'Lovag' Vanega
23781,Federico 'fdg1_' Garay
23779,Ivan 'iv0' Vaisman
23782,Joaquin 'jqn' Villa
22306,Gonzalo 'gon' Mena
8564,Fernando 'fer' Alvarenga
557,Lincoln 'fnx' Lau
22568,Diogo 'lcf' Braga
22431,Lucas 'Lqk' Correa
23757,Pedro 'pdrzin' Henrique
22369,Wendel 'syncmau' Caceres
20765,Blake 'Elk' Swinson
21127,Dwight 'Calix' Nguyen
21129,Louis 'onter' Contreras
17445,Reece 'Wilky' Wilkerson
21416,Spencer 'Pugg' Moore
21883,Dylan 'DJF' Ferreira
20793,Austin 'Austin' Meadows
23760,Logan 'Loagurt' Leys
14819,Ian 'zeep' Lineaweaver
18295,Jordon 'jitter' Ruggiero
21168,Cameron 'legacy' Parkhurst
22919,Ethan 'Ethex' Eihardt
21408,Tristan 'tBone' Reynolds
23759,Rangeng 'Dove1e' Wang
21059,Junjie 'Gank88' Lin
23085,Elliot 'MagiC' Iler
20620,Jake 'WOOHOO' J.
23850,Clyde 'clyd1e' Justine Marcelo
23852,Bryle 'bryle' Enzo Dayao
23851,Frell 'Kee' Keeyann Gabuelo
22830,Duong 'Hatred' Tran Goc
23886,Suravich 'SScrispy'  Thammapatee
23889,Anatchai 'RP_14' Srimueang
23885,Chanin 'w1nstoN' Petchsongkram
23888,Pubadi 'lyazz' Phusawat
23887,Apiwich 'FrightyZ' Kuntiya
19628,Craig-Zachary 'craigy' Salgado
23874,Jose 'Chinits' Ramon Paterno
19627,Mikhele 'mikozaur' Villaver
19624,Earl-Jude 'Jonger' Cabanlet
23875,Alexander 'xanzu' Dano
23866,Ravinder 'iFRAGEZ' Rai
23865,Kedar 'bb1' Shinde
14363,Shreyas 'putta' Poojary
12898,Sunny 'Recoilmaster' Kenyy
15658,Vinit 'ShiNchan' Patil
23891,Nikita 'Northwest' Chernov
23892,Bektai 'arun' Malikov
23890,Nursultan 'nursSSS' Nurlanbek
23004,Altair 'imyGDx' Idam
22691,Samat 'aRon' Satybaldiev
12279,Patrick 'Derek' Lacson
21992,Andre 'WasteOfAmmo' Yosua Poluakan
23868,Nguyen 'Gh0st2k2' Long Phuc
23870,Vu 'SpEeDo' Trung Hieu
23869,Le 'Maxprotrad3r' Ba Thanh
23871,Ta 'kev1n66' Tuan Linh
23867,Tran 'an1dee' Minh Hoang
23878,Hussain 'hussainwOw' Memon
23879,Chinmay 'M1DAS' Rane
16093,Nikhil 'Freaky' Todankar
23876,Aarshad 'FuRY' Sayyed
23877,Shantanu 'ShanN' Nautiyal
23895,Tada 'Alot' Juthakorn
10666,Maitri 'MAIROLLS' Sukrob
12547,Kitisak 'SeveN89' Kititharakun
23893,Chanon 'daddy' Jaidee
23894,Jinnapat 'zyven' Huangmit
23884,Nattawan 'SPINO' Boonnoy
23881,Putthipong 'PTP' Ninwong
23880,Kitsarun 'youngjoey' Srisai
23882,Prapakorn 'hiyou' Saelim
23883,Phureetus 'Hartty' Charsungnoen
21682,Kenneth 'kenoith' Abela
21683,Lorenzo 'Ton' Emmanuel de Castro
21681,Timothy 'naoFU' Tabanao
20344,Antonio 'TonyPOPONY' Matuco
20343,Kevin 'Estelle' Tupas
23872,Isaac 'ende' Yong
23682,Timur 'm3wsu' Korenev
23873,Ravjit 'Anasasis' Singh
23854,Kantarakorn 'tr0opmonster' Raknam
23857,Panuphap 'MaPeTS' Sukhonthabandit
23853,Chakaphong 'Kjwowww' Chinpan
23856,Suppawee 'PooJoGod' Subhadhira
23855,Nattapol 'cHL' Patnuch
23838,Anton 'ayeprince' Keplin
23836,Aldar '1nki' Inkizhinov
23837,Danil 'Dan4ck' Smirnov
23835,Igor 'PsychoDoctor' Karatuev
23839,Daniil 'S0uthS1d3' Agafonov
22416,Bat-Erdene 'Ensury' Munkhzul
23845,Munkhtulga 'roza' Enkhbold
23844,Odbaatar 'Vanderlande' Boldbaatar
23846,Tuvshintugs 'Bajify' Tsengel
23847,Baasanjav 'Blackygaan' Tseden-Ochir
23834,Temuulen 'me1o' Munkhbat
13949,Shinebold 'sKINEE' Nergui
23832,Purevdorj '6a6ytronic' Yondonpil
21384,Peter 'timeagento' Markheev
23843,Damir 'tonymontana' Semenov
23842,Djuluskhan 'janzy' Spiridonov
23840,Kirsan 'k1rsanje' Ivanov
23841,Luka 'hypziN' Naumov
13933,Justin 'Tin' Tom
23122,Ching 'Loka' Ngai Hung
14994,YiuOn 'JeffVanB' Wong
21395,Lam-Fung 'Terryyy' Lee
21375,Nick 'dingus' Lark
9096,Jake 'GENESIS' Anastasiou
23816,Ethan 'pxi' Tyler
23818,Samuel 'iLuu' Bryant
23820,Archie 'atoomic' Williams
23817,Taine 'Teee' Barker
23819,Thomas 'V1per' Mollet
23808,Chen 'Shan God' Dai
23807,Senjun '2HP' Huang
23809,Haosen 'Kon' Jiang
23806,Baoning 'Ryan k' Huang
23810,Jingquan 'quaN' Zhang
21830,Kun 'NARONE' Zhang
23799,Jiawei 'madness' Yang
23800,Jie 'xan' Zhu
19060,Ke 'Biuckmt' Liu
20851,Danting 'S1kura' Xu
23794,Huajie 'pHoonyJ' Ping
23797,Zhiqiang 'LZQswag' Liao
23798,Yukang 'Jiayou' Yuan
23795,Hao 'sad' Jiang
23796,Mingtao 'hemT' He
23804,Likai 'HappyKai' Wang
23803,Jiakai 'beiji' Meng
23805,TWGDDDH
23802,Jiaxiang 'Yycc' Sun
23801,Lin 'Umi' Tong
8552,YuanZhang 'Attacker' Sheng
21509,Yueyu 'Miami' Chen
7025,Quanqing 'qz' Wu
8446,Ruan 'ELUSIVE' van Wyk
9308,Carlo 'pnd' Farinha
8445,James 'zerOchaNce' Wijnberg
9236,Leon 'Flarez' Wong
7994,Richard 'deviaNt' Groves
9744,Trevor 'kanii' Morley
23749,Thomas 'Spitfire' James Venables
17845,Mustafa 'Shooter' Kamal
23751,Muhammad 'Wildeity' Faraz Abro
12194,Hammad 'bravo' Barak Ullah
23750,Moiz 'gothchild' Aslam
17844,Huzaifa 'HZI' Ahmed
23745,Abdul 'MELKOR' Rafa
23744,Hamza 'hf' Abrar
23747,Ayan 'Ayanokin' Khan
23746,Huzaifa 'Weedfly' Siddiqui
23748,Ashar 'ashRRR' Siddiqui
20660,Maxime 'Revol' Desraisses
10497,Abd-Alrahman 'REAL1ZE' Arabiat
21510,Dragos 'N0R1' Negrea
16167,Amir 'x1ron' Bafandeh
13613,Belal 'Senpai' Chehab
20799,Ahmad 'SpAwNnS' Kanaan
20800,Kais 'KD69z' Abduljawad
18361,Shuaib 'D0cC' Ahmad
10479,Adel 'Remind' Guermassi
8124,Vadim 'DavCost' Vasilyev
11908,Elie 'Joker' Bassil
23752,Jakub 'Maxwell' Pogorzelski
17275,Vladislav 'Qweall' Pivkin
8604,ZhiHong 'aumaN' Liu
8598,Tzu-Chi 'Marek' Huang
23906,Haoyang 'ProKiller' Lai
4076,Jani 'Aerial' Jussila
22677,Rodion 'Arma' Amteev
21195,Ivan 's1apY' Demchuk
23864,Alexandr 'Depressyia' Eletskiy
23859,Artem 'dANCER' Zakharov
23863,Vladimir 'Rezkiyy' Kopytov
23861,Roman 'mASTHEAD' Rafikov
23862,Bogdan 'kemi' Lukichev
23860,Emil 'fiction' Isazade
23303,Rotar 'h1kaN' Yuri
22429,Daniil 'tEO' Prok
21709,Evgeny 'delus1onn' Plottsov
5386,Paweł 'byali' Bieliński
19961,Matvey 'Nosik' Nosikov
21350,Alexey 'Neolife' Novakov
23380,Artem 'Snoob' Shokin
21349,Nikita 's7xWn' Sazonov
16922,Andrey 'aNsavage' Kuznetsov
22430,Matvey 'k0s' Abramov
21907,Roman 'Z1W0W' Kruglov
21063,Andrej 'ADEJIS' Kameništiak
20346,Šimon 'suplicK' Skuplík
19672,Jayson 'Kyojin' Nguyen Van
15574,Alexandru-Robert 'SAVAGE' Olteanu
21118,Cătălin 'H4rder' Hardulea
9294,Niels Christian 'NaToSaphiX' Sillassen
23477,Nikita 'reyoz' Rolzing
23478,Dmitry 'Twizell' Rygin
23476,Evgenii 'elocurse' Kuznetsov
23479,Daniil 'middlesex' Tyagneryadnov
22467,Kirill 'datet' Turkov
10697,Yanko 'blocker' Panov
16412,Kostadin 'rafftu' Turbinov
23813,Aleksandar 'hazza' Engibarov
8917,Nikolay 'niki1' Pantaleev
15118,Sébastien 'SBT' Sabbadin
23814,Joris 'REL' Zavadskis
20889,Radut '7kick' Dragos Cristian
7403,Georgi 'WorldEdit' Yaskin
23812,Marcus 'Majkn' Lars Tidblom
17012,Sergey 'airscape' Marochkin
16611,Kirill 'poka' Starovoytov
13279,Nikita 'ANASTAZE' Abramkin
23811,Andrey 'SBolt' Boltenkov
21445,Andrey 'abiraju' Sergin
22176,Nikolay 'bogemtdarf' Zarovnyaev
20711,Ivan 'lom1k' Ovsyanik
19297,Alexander 'Brilliance' Vysotsky
23762,Timur 'z1k4' Askhadulin
18576,Renat 'sunshine' Kolesnikov
20198,Nikolay 'SasukeQO' Zhukov
13899,Vladimir 'la3euka' Shurygin
23774,Kalydka 'drowranger' Viktor
20206,Matvey 'Mewpy' Podgornyi
23459,Jordan 'stressarN' Manevski
3730,Petar 'HOLMES' Dimitrijević
23771,Alexandr 'oz1k' Sevastyanov
23770,Kirill 'cronuss' Savin
23769,Stepan 'klain' Mukhin
22388,Artem 'sstr1ct' Mesnyankin
23768,Yaroslav 'wonimo' Tsyprinskiy
23763,Peter 'Pepo' Ružička
23145,Thorbjørn 'Bear' Rohde
23039,Oliver 'logz' Nørgaard Borresen
22887,Nikita 'yoshi' Petrash
22883,Nikita 'k1slll' Kuzminov
22731,Amir 'emiiri' Ismailov
23756,Mikhail 'S1LoNN' Smirnov
22273,Aleksey 'Ter3sss' Tereshchenko
22288,Jaroslav 'Kokaina' Janeček
23754,Daniel 'onStyle' Tuszyński
23755,Daniel 'datyx' Bureš
22769,Michal 'Kjuk' Fousek
9102,Simon 'Sico' Williams
17390,Akram 'ADK' Smida
12591,Euan 'sterling' Moore
21855,Charles 'neo' Worthington
20673,Willian 'LIN' Soares Barbosa Da Silva
23504,Nikolas 'nks' Jacumel
11013,Jacob 'thamlike' Holm
7965,Sebastian 'larsen' Larsen
15540,Frederik 'wAGNR' Christiansen
20223,Ludwig 'Ludwig' Eriksson
20288,Oliver 'debo' Hallel
18899,Johann 'Saasinho' Saasen
20826,Alexandru 'l0rd-dll' Băicianu
21663,Otto 'garfield' Netteberg
22653,Maxwell 'xam' Power
15001,Hector 'swifty-' Borbon
21819,Nickolas 'g0ne' Orescanin
23087,Evan 'Sinister' Kloncz
23536,Brimir 'Blick' Birgisson
19650,Oliver 'husky' Gollings
19515,Timothy 'val' Youn
22709,Matúš 'muttenzi' Mačinga
21772,Adam 'Skyy' Drobek
22708,Rostislav 'Tomyo' Růčka
14311,Haris 'H4RR3' Hadzic
23396,Bohdan 'YADD' Reshetniak
9895,Daniel 'mertz' Mertz
2799,Kamen 'bubble' Kostadinov
14055,Dmitriy 'propleh' Senigov
7590,Nicolaj 'mupzG' Djurhus
19675,Gabrijel 'Šego' Šego
18993,Jan 'jkXy' Konečnik
18758,Danila 'shandarez' Ivanov
23399,Xianlin 'DaLi' Zhang
20807,Hao 'rage' Yu
23400,Yangtao 'Rainbow' Du
23277,Zuobin 'Niko' Yu
19869,Santino 'try' Rigal
9416,Francisco 'obj' Ramos
22890,Anna 'buhnny' Cheung
23506,August 'MegaGeese' White
23525,Anna 'anna' Lu
20173,Kimberly 'Kimmy' Nelson
21731,Megan 'Kionetta' Kirkland
19799,Natalia 'Natty' Jackson
23520,Autumn 'Auti' Ruttig
23519,Chelsea 'Chels' Freitas
20458,Ashley 'giraffley' Kelly
23522,Hailey 'Swan' Pflughoft
13328,Naomi 'Naomi' Sauvola
23531,Maggie 'cinnamon' Elizabeth
23464,Ana 'afM' Flavia Melo
23517,Mariana 'Lerigou' Pedrol
23555,Anny 'nAny' Torres
23516,Mariana 'ocean' Bueno
23518,Helena 'goye' Gomes
22632,Isadora 'yodinha2k' Zago
23510,Belén 'Smytten' Issetta
23054,Lucia 'Luulu4k' Graña
23511,Martina 'Abiijxk' Romero
23512,Celeste 'Celelo' Lopergolo
23523,Laura 'Lawlesiris' González
21737,Ester 'MIZZY' Cardoso
23515,Emanuelle 'Emma' Salgado
23064,Guiessica 'Jhessy' De Novais
23513,Manuela 'morfina' Rocio Aragon
13736,Kaia 'KiKi' Holmen
23554,Tatiana 'Tytania' Lubkova
22236,Ieva 'mikeri' Skrastina
23505,Tamilla 'irbitka' Bashirova
22026,Ekaterina 'Katherine' Repyova
22295,Oleksandra 'manka' Kruspe
21795,Tude 'oxycet' Gürsoy
23437,Chloe 'KittyTM' Geaney
10698,Ádám 'kolor' Domoszlay
4360,Galder 'bladE' Barcena
22712,Jérôme 'jEROMEE' Coupez
22340,Mikołaj 'turtle' Dziedzic
8325,Adrian 'imd' Pieper
18663,Nikita 'matusik' Matusevich
23403,Billy 'heavn' L
21311,Ažbe 'mindtr6cks' Frlan
20565,Aidan 'Feral' Wood
19174,Walker 'walker' Harris
9419,Nikola 'Lobanjica' Mijomanović
13633,Moustafa 'BLACKEAGLE' Baghdadi
16207,Zhenghao 'DANK1NG' Lv
21324,Shengjun 'aristo' Jin
10774,WingHei 'Freeman' Cheung
15062,Telmen 'shinobi' Batzorig
16668,David 'Kingfisher' Kingsford
7687,Nick 'nitr0' Cannella
10560,Gustavo 'yel' Knittel
11163,Alencar 'trk' Rossato
4679,Justin 'jks' Savage
4954,Andreas 'Xyp9x' Højsleth
15835,Ömer 'imoRR' Karataş
8082,Aaron 'AZR' Ward
7998,Oleksandr 's1mple' Kostyliev
1982,Aida 'Aidy' Garcia
22064,Danuta 'Danuu' Grajkowska
19098,Nian 'Hffo' Zhao
21807,Jessica 'JKranny' Kranabetter
10504,Nicolas 'NikoM' Miozzi
472,Andrey 'B1ad3' Gorodenskiy
884,Richard 'Xizt' Landström
8994,Kevin 'HS' Tarn
20350,Dawid 'Layner' Falczyński
17905,Rafał 'iso' Tync
6124,Casper 'ruggah' Due
8212,Robin 'ScrunK' Röpke
8242,Paweł 'reatz' Jańczak
12705,Thijs 'rilax' Izaks
8416,Bastian 'ayken' Schendzielorz
13300,Asger 'Farlig' Jensen
9353,Ahmet 'paz' Karahoca
14161,Artem 'RAiLWAY' Gradovich
11039,Dominick 'JazzPimp' Dimpfel
10563,Caike 'caike' Costa
7862,Francisco 'k1Nky' Alvarez
18584,Renato 'pacmanN' Morales
9214,Andres 'spamzzy' Correa
13093,Raúl 'DeathZz' Jordán Nieto
7131,Hansel 'BnTeT' Ferdinand
15683,Kelun 'SLOWLY' Sun
8633,Diane 'di^' Tran
13737,Marita 'Minnie' Siljan Sørensen
22218,Emily 'Emi' Lauw
13442,Caralina 'cAra' Eang
22216,Emily 'Emiinent' Rea
22217,Ann 'mish' Fuentes
8321,Oskar 'oskarish' Stenborowski
12016,Svyatoslav 'svyat' Dovbakh
7321,Tugay 'TuGuX' Keskin
356,Omar 'arki' Chakkor
8184,Alex 'ALEX' McMeekin
19967,Zhandarbek 'sorrow' Mamyrbek
8413,Patrik 'Zero' Žúdel
20951,Nikolay 'Frothe' Shamov
21901,Kirill 'faqzor' Sviridov
17904,Adam 'adM' Mansoor
7992,Roberto 'blackpoisoN' Dall'Occo
17555,Zhengjie 'Martin' Zhuo
12715,Peter 'BL1TZ' Athanasatos
555,Bruno 'BIT' Fukuda Lima
